amb_municipio,municipio,colectividad,codpar,nombre_partido,votos_ca_partido,votos_ca_candidatos,votos_se,ratio_arrastre
0700148,MARIPI,ALIANZA VERDE,5,PARTIDO ALIANZA VERDE,131,121,1064.0,8.122137404580153
0700235,SAMACA,ALIANZA VERDE,5,PARTIDO ALIANZA VERDE,646,583,2384.0,3.6904024767801857
0700137,LA VICTORIA,ALIANZA VERDE,5,PARTIDO ALIANZA VERDE,94,90,266.0,2.8297872340425534
0700298,TASCO,ALIANZA VERDE,5,PARTIDO ALIANZA VERDE,267,236,634.0,2.3745318352059925
0700346,ZETAQUIRA,ALIANZA VERDE,5,PARTIDO ALIANZA VERDE,350,308,821.0,2.3457142857142856
0700217,RAMIRIQUI,ALIANZA VERDE,5,PARTIDO ALIANZA VERDE,492,451,1154.0,2.345528455284553
0700151,MIRAFLORES,ALIANZA VERDE,5,PARTIDO ALIANZA VERDE,505,463,1156.0,2.289108910891089
0700163,MUZO,ALIANZA VERDE,5,PARTIDO ALIANZA VERDE,271,239,598.0,2.206642066420664
0700249,SAN PABLO DE BORBUR,ALIANZA VERDE,5,PARTIDO ALIANZA VERDE,189,172,393.0,2.0793650793650795
0700286,SUSACON,ALIANZA VERDE,5,PARTIDO ALIANZA VERDE,135,125,279.0,2.066666666666667
0700271,SOCOTA,ALIANZA VERDE,5,PARTIDO ALIANZA VERDE,265,223,508.0,1.9169811320754717
0700328,TUTA,ALIANZA VERDE,5,PARTIDO ALIANZA VERDE,558,538,1066.0,1.9103942652329748
0700085,EL ESPINO,ALIANZA VERDE,5,PARTIDO ALIANZA VERDE,89,80,169.0,1.898876404494382
0700016,BERBEO,ALIANZA VERDE,5,PARTIDO ALIANZA VERDE,148,138,265.0,1.7905405405405406
0700061,CUITIVA,ALIANZA VERDE,5,PARTIDO ALIANZA VERDE,130,123,227.0,1.7461538461538462
0700232,SACHICA,ALIANZA VERDE,5,PARTIDO ALIANZA VERDE,337,314,585.0,1.7359050445103859
0700179,PAEZ,ALIANZA VERDE,5,PARTIDO ALIANZA VERDE,210,200,348.0,1.6571428571428573
0700040,CAMPOHERMOSO,ALIANZA VERDE,5,PARTIDO ALIANZA VERDE,150,142,246.0,1.64
0700028,BRICEÑO,ALIANZA VERDE,5,PARTIDO ALIANZA VERDE,315,294,516.0,1.638095238095238
0700176,OTANCHE,ALIANZA VERDE,5,PARTIDO ALIANZA VERDE,424,392,694.0,1.6367924528301887
0700190,PAUNA,ALIANZA VERDE,5,PARTIDO ALIANZA VERDE,328,300,531.0,1.6189024390243902
0700049,COMBITA,ALIANZA VERDE,5,PARTIDO ALIANZA VERDE,1144,1111,1744.0,1.5244755244755244
0700157,MONGUI,ALIANZA VERDE,5,PARTIDO ALIANZA VERDE,405,381,611.0,1.508641975308642
0700019,BETEITIVA,ALIANZA VERDE,5,PARTIDO ALIANZA VERDE,189,177,284.0,1.5026455026455026
0700097,GAMEZA,ALIANZA VERDE,5,PARTIDO ALIANZA VERDE,328,303,484.0,1.475609756097561
0700184,PAJARITO,ALIANZA VERDE,5,PARTIDO ALIANZA VERDE,215,192,316.0,1.4697674418604652
0700173,OICATA,ALIANZA VERDE,5,PARTIDO ALIANZA VERDE,292,276,425.0,1.4554794520547945
0700031,BUENAVISTA,ALIANZA VERDE,5,PARTIDO ALIANZA VERDE,351,317,509.0,1.4501424501424502
0700169,NUEVO COLON,ALIANZA VERDE,5,PARTIDO ALIANZA VERDE,493,454,700.0,1.4198782961460445
0700215,QUIPAMA,ALIANZA VERDE,5,PARTIDO ALIANZA VERDE,145,123,199.0,1.3724137931034484
0700013,BELEN,ALIANZA VERDE,5,PARTIDO ALIANZA VERDE,701,657,940.0,1.340941512125535
0700154,MONGUA,ALIANZA VERDE,5,PARTIDO ALIANZA VERDE,415,387,545.0,1.3132530120481927
0700068,CHIQUIZA,ALIANZA VERDE,5,PARTIDO ALIANZA VERDE,624,591,812.0,1.3012820512820513
0700337,VENTAQUEMADA,ALIANZA VERDE,5,PARTIDO ALIANZA VERDE,738,673,954.0,1.2926829268292683
0700121,JENESANO,ALIANZA VERDE,5,PARTIDO ALIANZA VERDE,603,533,774.0,1.2835820895522387
0700079,DUITAMA,ALIANZA VERDE,5,PARTIDO ALIANZA VERDE,6506,6017,8311.0,1.2774362127267138
0700112,GUICAN,ALIANZA VERDE,5,PARTIDO ALIANZA VERDE,180,169,229.0,1.2722222222222221
0700130,LA CAPILLA,ALIANZA VERDE,5,PARTIDO ALIANZA VERDE,214,193,270.0,1.2616822429906542
0700322,TOTA,ALIANZA VERDE,5,PARTIDO ALIANZA VERDE,293,278,364.0,1.242320819112628
0700142,MACANAL,ALIANZA VERDE,5,PARTIDO ALIANZA VERDE,265,218,328.0,1.2377358490566037
0700220,RAQUIRA,ALIANZA VERDE,5,PARTIDO ALIANZA VERDE,686,615,847.0,1.2346938775510203
0700340,VIRACACHA,ALIANZA VERDE,5,PARTIDO ALIANZA VERDE,354,309,436.0,1.231638418079096
0700199,PAZ DE RIO,ALIANZA VERDE,5,PARTIDO ALIANZA VERDE,638,594,783.0,1.2272727272727273
0700331,TUTAZA,ALIANZA VERDE,5,PARTIDO ALIANZA VERDE,362,338,444.0,1.2265193370165746
0700237,SAN EDUARDO,ALIANZA VERDE,5,PARTIDO ALIANZA VERDE,187,178,228.0,1.2192513368983957
0700325,TURMEQUE,ALIANZA VERDE,5,PARTIDO ALIANZA VERDE,1137,1039,1375.0,1.2093227792436236
0700282,SORACA,ALIANZA VERDE,5,PARTIDO ALIANZA VERDE,485,449,585.0,1.2061855670103092
0700311,TIPACOQUE,ALIANZA VERDE,5,PARTIDO ALIANZA VERDE,545,518,649.0,1.1908256880733945
0700316,TOGUI,ALIANZA VERDE,5,PARTIDO ALIANZA VERDE,203,180,240.0,1.1822660098522169
0700070,CHISCAS,ALIANZA VERDE,5,PARTIDO ALIANZA VERDE,253,233,298.0,1.1778656126482214
0700265,SIACHOQUE,ALIANZA VERDE,5,PARTIDO ALIANZA VERDE,582,531,666.0,1.1443298969072164
0700280,SOMONDOCO,ALIANZA VERDE,5,PARTIDO ALIANZA VERDE,385,329,439.0,1.1402597402597403
0700037,CALDAS,ALIANZA VERDE,5,PARTIDO ALIANZA VERDE,213,199,241.0,1.1314553990610328
0700059,CUBARA,ALIANZA VERDE,5,PARTIDO ALIANZA VERDE,1104,1022,1244.0,1.1268115942028984
0700127,LABRANZAGRANDE,ALIANZA VERDE,5,PARTIDO ALIANZA VERDE,634,579,713.0,1.1246056782334384
0700139,VILLA DE LEIVA,ALIANZA VERDE,5,PARTIDO ALIANZA VERDE,974,912,1091.0,1.120123203285421
0700106,GUATEQUE,ALIANZA VERDE,5,PARTIDO ALIANZA VERDE,776,717,864.0,1.1134020618556701
0700187,PANQUEBA,ALIANZA VERDE,5,PARTIDO ALIANZA VERDE,288,274,316.0,1.0972222222222223
0700281,SORA,ALIANZA VERDE,5,PARTIDO ALIANZA VERDE,662,634,724.0,1.093655589123867
0700103,GUACAMAYAS,ALIANZA VERDE,5,PARTIDO ALIANZA VERDE,225,210,245.0,1.0888888888888888
0700214,PUERTO BOYACA,ALIANZA VERDE,5,PARTIDO ALIANZA VERDE,4861,4495,5229.0,1.0757045875334292
0700124,JERICO,ALIANZA VERDE,5,PARTIDO ALIANZA VERDE,215,174,229.0,1.0651162790697675
0700274,SOCHA,ALIANZA VERDE,5,PARTIDO ALIANZA VERDE,486,445,500.0,1.02880658436214
0700301,TENZA,ALIANZA VERDE,5,PARTIDO ALIANZA VERDE,801,735,824.0,1.0287141073657928
0700161,MOTAVITA,ALIANZA VERDE,5,PARTIDO ALIANZA VERDE,1086,1044,1117.0,1.0285451197053408
0700001,TUNJA,ALIANZA VERDE,5,PARTIDO ALIANZA VERDE,15836,15029,16267.0,1.0272164688052539
0700078,CHIVOR,ALIANZA VERDE,5,PARTIDO ALIANZA VERDE,82,79,84.0,1.024390243902439
0700010,ARCABUCO,ALIANZA VERDE,5,PARTIDO ALIANZA VERDE,580,560,592.0,1.0206896551724138
0700094,GACHANTIVA,ALIANZA VERDE,5,PARTIDO ALIANZA VERDE,388,351,396.0,1.0206185567010309
0700307,TIBASOSA,ALIANZA VERDE,5,PARTIDO ALIANZA VERDE,745,712,760.0,1.0201342281879195
0700277,SOGAMOSO,ALIANZA VERDE,5,PARTIDO ALIANZA VERDE,8086,7417,8195.0,1.01348008904279
0700067,CHIQUINQUIRA,ALIANZA VERDE,5,PARTIDO ALIANZA VERDE,4944,4602,4993.0,1.009911003236246
0700193,PAYA,ALIANZA VERDE,5,PARTIDO ALIANZA VERDE,704,661,709.0,1.0071022727272727
0700052,COPER,ALIANZA VERDE,5,PARTIDO ALIANZA VERDE,303,278,305.0,1.0066006600660067
0700256,SANTA SOFIA,ALIANZA VERDE,5,PARTIDO ALIANZA VERDE,870,844,867.0,0.996551724137931
0700251,SANTA MARIA,ALIANZA VERDE,5,PARTIDO ALIANZA VERDE,513,468,510.0,0.9941520467836257
0700313,TOCA,ALIANZA VERDE,5,PARTIDO ALIANZA VERDE,816,764,800.0,0.9803921568627451
0700076,CHITARAQUE,ALIANZA VERDE,5,PARTIDO ALIANZA VERDE,736,696,721.0,0.9796195652173914
0700060,CUCAITA,ALIANZA VERDE,5,PARTIDO ALIANZA VERDE,513,495,499.0,0.9727095516569201
0700007,ALMEIDA,ALIANZA VERDE,5,PARTIDO ALIANZA VERDE,227,216,216.0,0.9515418502202643
0700202,PESCA,ALIANZA VERDE,5,PARTIDO ALIANZA VERDE,897,859,847.0,0.9442586399108138
0700262,SATIVASUR,ALIANZA VERDE,5,PARTIDO ALIANZA VERDE,304,294,285.0,0.9375
0700008,AQUITANIA (PUEBLOVIEJO),ALIANZA VERDE,5,PARTIDO ALIANZA VERDE,1140,995,1059.0,0.9289473684210526
0700324,TUNUNGUA,ALIANZA VERDE,5,PARTIDO ALIANZA VERDE,294,284,273.0,0.9285714285714286
0700077,CHIVATA,ALIANZA VERDE,5,PARTIDO ALIANZA VERDE,712,674,656.0,0.9213483146067416
0700100,GARAGOA,ALIANZA VERDE,5,PARTIDO ALIANZA VERDE,1344,1270,1232.0,0.9166666666666666
0700025,BOYACA,ALIANZA VERDE,5,PARTIDO ALIANZA VERDE,705,674,645.0,0.9148936170212766
0700058,COVARACHIA,ALIANZA VERDE,5,PARTIDO ALIANZA VERDE,401,375,366.0,0.912718204488778
0700082,EL COCUY,ALIANZA VERDE,5,PARTIDO ALIANZA VERDE,389,328,354.0,0.910025706940874
0700310,TINJACA,ALIANZA VERDE,5,PARTIDO ALIANZA VERDE,597,578,538.0,0.9011725293132329
0700109,GUAYATA,ALIANZA VERDE,5,PARTIDO ALIANZA VERDE,452,413,407.0,0.9004424778761062
0700268,SOATA,ALIANZA VERDE,5,PARTIDO ALIANZA VERDE,1078,1022,966.0,0.8961038961038961
0700046,CIENEGA,ALIANZA VERDE,5,PARTIDO ALIANZA VERDE,384,342,342.0,0.890625
0700248,SAN MIGUEL DE SEMA,ALIANZA VERDE,5,PARTIDO ALIANZA VERDE,198,179,176.0,0.8888888888888888
0700022,BOAVITA,ALIANZA VERDE,5,PARTIDO ALIANZA VERDE,633,578,546.0,0.8625592417061612
0700118,IZA,ALIANZA VERDE,5,PARTIDO ALIANZA VERDE,231,221,199.0,0.8614718614718615
0700178,PACHAVITA,ALIANZA VERDE,5,PARTIDO ALIANZA VERDE,315,301,266.0,0.8444444444444444
0700073,CHITA,ALIANZA VERDE,5,PARTIDO ALIANZA VERDE,571,516,479.0,0.8388791593695272
0700088,FIRAVITOBA,ALIANZA VERDE,5,PARTIDO ALIANZA VERDE,666,629,558.0,0.8378378378378378
0700250,SANTANA,ALIANZA VERDE,5,PARTIDO ALIANZA VERDE,964,885,805.0,0.8350622406639004
0700223,RONDON,ALIANZA VERDE,5,PARTIDO ALIANZA VERDE,268,257,223.0,0.832089552238806
0700259,SATIVANORTE,ALIANZA VERDE,5,PARTIDO ALIANZA VERDE,431,414,356.0,0.8259860788863109
0700241,SAN LUIS DE GACENO,ALIANZA VERDE,5,PARTIDO ALIANZA VERDE,424,411,348.0,0.8207547169811321
0700289,SUTAMARCHAN,ALIANZA VERDE,5,PARTIDO ALIANZA VERDE,1684,1543,1377.0,0.8176959619952494
0700319,TOPAGA,ALIANZA VERDE,5,PARTIDO ALIANZA VERDE,324,316,263.0,0.8117283950617284
0700205,PISBA,ALIANZA VERDE,5,PARTIDO ALIANZA VERDE,382,365,309.0,0.8089005235602095
0700136,LA UVITA,ALIANZA VERDE,5,PARTIDO ALIANZA VERDE,467,459,367.0,0.7858672376873662
0700304,TIBANA,ALIANZA VERDE,5,PARTIDO ALIANZA VERDE,1141,1073,884.0,0.7747589833479404
0700238,SAN JOSE DE PARE,ALIANZA VERDE,5,PARTIDO ALIANZA VERDE,753,718,583.0,0.7742363877822045
0700160,MONIQUIRA,ALIANZA VERDE,5,PARTIDO ALIANZA VERDE,3040,2769,2338.0,0.7690789473684211
0700043,CERINZA,ALIANZA VERDE,5,PARTIDO ALIANZA VERDE,623,586,475.0,0.7624398073836276
0700226,SABOYA,ALIANZA VERDE,5,PARTIDO ALIANZA VERDE,1244,1116,930.0,0.747588424437299
0700034,BUSBANZA,ALIANZA VERDE,5,PARTIDO ALIANZA VERDE,284,275,210.0,0.7394366197183099
0700055,CORRALES,ALIANZA VERDE,5,PARTIDO ALIANZA VERDE,292,284,212.0,0.726027397260274
0700283,SOTAQUIRA,ALIANZA VERDE,5,PARTIDO ALIANZA VERDE,1117,1062,755.0,0.67591763652641
0700334,UMBITA,ALIANZA VERDE,5,PARTIDO ALIANZA VERDE,1583,1515,1041.0,0.6576121288692356
0700064,CHINAVITA,ALIANZA VERDE,5,PARTIDO ALIANZA VERDE,625,595,411.0,0.6576
0700091,FLORESTA,ALIANZA VERDE,5,PARTIDO ALIANZA VERDE,1752,1710,1046.0,0.5970319634703196
0700247,SAN MATEO,ALIANZA VERDE,5,PARTIDO ALIANZA VERDE,464,437,274.0,0.5905172413793104
0700181,PAIPA,ALIANZA VERDE,5,PARTIDO ALIANZA VERDE,7171,6872,4161.0,0.5802538000278901
0700166,NOBSA,ALIANZA VERDE,5,PARTIDO ALIANZA VERDE,2900,2664,1674.0,0.5772413793103448
0700253,SANTA ROSA DE VITERBO,ALIANZA VERDE,5,PARTIDO ALIANZA VERDE,2136,2060,1136.0,0.5318352059925093
0700292,SUTATENZA,ALIANZA VERDE,5,PARTIDO ALIANZA VERDE,256,247,134.0,0.5234375
0700001,TUNJA,ALMA-OXIGENO,137,ALMA - OXÍGENO,689,593,0.0,0.0
0700007,ALMEIDA,ALMA-OXIGENO,137,ALMA - OXÍGENO,3,3,0.0,0.0
0700008,AQUITANIA (PUEBLOVIEJO),ALMA-OXIGENO,137,ALMA - OXÍGENO,67,53,0.0,0.0
0700010,ARCABUCO,ALMA-OXIGENO,137,ALMA - OXÍGENO,21,17,0.0,0.0
0700013,BELEN,ALMA-OXIGENO,137,ALMA - OXÍGENO,37,33,0.0,0.0
0700016,BERBEO,ALMA-OXIGENO,137,ALMA - OXÍGENO,2,2,0.0,0.0
0700019,BETEITIVA,ALMA-OXIGENO,137,ALMA - OXÍGENO,13,11,0.0,0.0
0700022,BOAVITA,ALMA-OXIGENO,137,ALMA - OXÍGENO,19,15,0.0,0.0
0700025,BOYACA,ALMA-OXIGENO,137,ALMA - OXÍGENO,10,10,0.0,0.0
0700028,BRICEÑO,ALMA-OXIGENO,137,ALMA - OXÍGENO,9,5,0.0,0.0
0700031,BUENAVISTA,ALMA-OXIGENO,137,ALMA - OXÍGENO,18,16,0.0,0.0
0700034,BUSBANZA,ALMA-OXIGENO,137,ALMA - OXÍGENO,3,3,0.0,0.0
0700037,CALDAS,ALMA-OXIGENO,137,ALMA - OXÍGENO,7,6,0.0,0.0
0700040,CAMPOHERMOSO,ALMA-OXIGENO,137,ALMA - OXÍGENO,10,9,0.0,0.0
0700043,CERINZA,ALMA-OXIGENO,137,ALMA - OXÍGENO,16,14,0.0,0.0
0700046,CIENEGA,ALMA-OXIGENO,137,ALMA - OXÍGENO,14,14,0.0,0.0
0700049,COMBITA,ALMA-OXIGENO,137,ALMA - OXÍGENO,18,17,0.0,0.0
0700052,COPER,ALMA-OXIGENO,137,ALMA - OXÍGENO,20,15,0.0,0.0
0700055,CORRALES,ALMA-OXIGENO,137,ALMA - OXÍGENO,6,5,0.0,0.0
0700058,COVARACHIA,ALMA-OXIGENO,137,ALMA - OXÍGENO,11,9,0.0,0.0
0700059,CUBARA,ALMA-OXIGENO,137,ALMA - OXÍGENO,12,11,0.0,0.0
0700060,CUCAITA,ALMA-OXIGENO,137,ALMA - OXÍGENO,14,11,0.0,0.0
0700061,CUITIVA,ALMA-OXIGENO,137,ALMA - OXÍGENO,5,4,0.0,0.0
0700064,CHINAVITA,ALMA-OXIGENO,137,ALMA - OXÍGENO,9,6,0.0,0.0
0700067,CHIQUINQUIRA,ALMA-OXIGENO,137,ALMA - OXÍGENO,204,162,0.0,0.0
0700068,CHIQUIZA,ALMA-OXIGENO,137,ALMA - OXÍGENO,11,10,0.0,0.0
0700070,CHISCAS,ALMA-OXIGENO,137,ALMA - OXÍGENO,4,3,0.0,0.0
0700073,CHITA,ALMA-OXIGENO,137,ALMA - OXÍGENO,18,18,0.0,0.0
0700076,CHITARAQUE,ALMA-OXIGENO,137,ALMA - OXÍGENO,19,16,0.0,0.0
0700077,CHIVATA,ALMA-OXIGENO,137,ALMA - OXÍGENO,17,15,0.0,0.0
0700078,CHIVOR,ALMA-OXIGENO,137,ALMA - OXÍGENO,5,5,0.0,0.0
0700079,DUITAMA,ALMA-OXIGENO,137,ALMA - OXÍGENO,375,304,0.0,0.0
0700082,EL COCUY,ALMA-OXIGENO,137,ALMA - OXÍGENO,5,5,0.0,0.0
0700085,EL ESPINO,ALMA-OXIGENO,137,ALMA - OXÍGENO,8,6,0.0,0.0
0700088,FIRAVITOBA,ALMA-OXIGENO,137,ALMA - OXÍGENO,19,16,0.0,0.0
0700091,FLORESTA,ALMA-OXIGENO,137,ALMA - OXÍGENO,5,5,0.0,0.0
0700094,GACHANTIVA,ALMA-OXIGENO,137,ALMA - OXÍGENO,9,7,0.0,0.0
0700097,GAMEZA,ALMA-OXIGENO,137,ALMA - OXÍGENO,21,18,0.0,0.0
0700100,GARAGOA,ALMA-OXIGENO,137,ALMA - OXÍGENO,45,36,0.0,0.0
0700103,GUACAMAYAS,ALMA-OXIGENO,137,ALMA - OXÍGENO,5,3,0.0,0.0
0700106,GUATEQUE,ALMA-OXIGENO,137,ALMA - OXÍGENO,36,28,0.0,0.0
0700109,GUAYATA,ALMA-OXIGENO,137,ALMA - OXÍGENO,13,10,0.0,0.0
0700112,GUICAN,ALMA-OXIGENO,137,ALMA - OXÍGENO,9,8,0.0,0.0
0700118,IZA,ALMA-OXIGENO,137,ALMA - OXÍGENO,2,2,0.0,0.0
0700121,JENESANO,ALMA-OXIGENO,137,ALMA - OXÍGENO,20,15,0.0,0.0
0700124,JERICO,ALMA-OXIGENO,137,ALMA - OXÍGENO,12,10,0.0,0.0
0700127,LABRANZAGRANDE,ALMA-OXIGENO,137,ALMA - OXÍGENO,3,3,0.0,0.0
0700130,LA CAPILLA,ALMA-OXIGENO,137,ALMA - OXÍGENO,8,8,0.0,0.0
0700136,LA UVITA,ALMA-OXIGENO,137,ALMA - OXÍGENO,6,6,0.0,0.0
0700137,LA VICTORIA,ALMA-OXIGENO,137,ALMA - OXÍGENO,1,1,0.0,0.0
0700139,VILLA DE LEIVA,ALMA-OXIGENO,137,ALMA - OXÍGENO,71,57,0.0,0.0
0700142,MACANAL,ALMA-OXIGENO,137,ALMA - OXÍGENO,10,8,0.0,0.0
0700148,MARIPI,ALMA-OXIGENO,137,ALMA - OXÍGENO,18,17,0.0,0.0
0700151,MIRAFLORES,ALMA-OXIGENO,137,ALMA - OXÍGENO,23,20,0.0,0.0
0700154,MONGUA,ALMA-OXIGENO,137,ALMA - OXÍGENO,20,15,0.0,0.0
0700157,MONGUI,ALMA-OXIGENO,137,ALMA - OXÍGENO,13,8,0.0,0.0
0700160,MONIQUIRA,ALMA-OXIGENO,137,ALMA - OXÍGENO,83,69,0.0,0.0
0700161,MOTAVITA,ALMA-OXIGENO,137,ALMA - OXÍGENO,21,15,0.0,0.0
0700163,MUZO,ALMA-OXIGENO,137,ALMA - OXÍGENO,29,26,0.0,0.0
0700166,NOBSA,ALMA-OXIGENO,137,ALMA - OXÍGENO,53,46,0.0,0.0
0700169,NUEVO COLON,ALMA-OXIGENO,137,ALMA - OXÍGENO,14,13,0.0,0.0
0700173,OICATA,ALMA-OXIGENO,137,ALMA - OXÍGENO,12,11,0.0,0.0
0700176,OTANCHE,ALMA-OXIGENO,137,ALMA - OXÍGENO,27,25,0.0,0.0
0700178,PACHAVITA,ALMA-OXIGENO,137,ALMA - OXÍGENO,7,7,0.0,0.0
0700179,PAEZ,ALMA-OXIGENO,137,ALMA - OXÍGENO,7,7,0.0,0.0
0700181,PAIPA,ALMA-OXIGENO,137,ALMA - OXÍGENO,97,80,0.0,0.0
0700184,PAJARITO,ALMA-OXIGENO,137,ALMA - OXÍGENO,11,10,0.0,0.0
0700187,PANQUEBA,ALMA-OXIGENO,137,ALMA - OXÍGENO,5,5,0.0,0.0
0700190,PAUNA,ALMA-OXIGENO,137,ALMA - OXÍGENO,16,15,0.0,0.0
0700193,PAYA,ALMA-OXIGENO,137,ALMA - OXÍGENO,4,4,0.0,0.0
0700199,PAZ DE RIO,ALMA-OXIGENO,137,ALMA - OXÍGENO,8,8,0.0,0.0
0700202,PESCA,ALMA-OXIGENO,137,ALMA - OXÍGENO,27,27,0.0,0.0
0700205,PISBA,ALMA-OXIGENO,137,ALMA - OXÍGENO,1,1,0.0,0.0
0700214,PUERTO BOYACA,ALMA-OXIGENO,137,ALMA - OXÍGENO,166,126,0.0,0.0
0700215,QUIPAMA,ALMA-OXIGENO,137,ALMA - OXÍGENO,24,21,0.0,0.0
0700217,RAMIRIQUI,ALMA-OXIGENO,137,ALMA - OXÍGENO,24,22,0.0,0.0
0700220,RAQUIRA,ALMA-OXIGENO,137,ALMA - OXÍGENO,29,25,0.0,0.0
0700223,RONDON,ALMA-OXIGENO,137,ALMA - OXÍGENO,6,6,0.0,0.0
0700226,SABOYA,ALMA-OXIGENO,137,ALMA - OXÍGENO,25,24,0.0,0.0
0700232,SACHICA,ALMA-OXIGENO,137,ALMA - OXÍGENO,20,18,0.0,0.0
0700235,SAMACA,ALMA-OXIGENO,137,ALMA - OXÍGENO,66,54,0.0,0.0
0700237,SAN EDUARDO,ALMA-OXIGENO,137,ALMA - OXÍGENO,4,4,0.0,0.0
0700238,SAN JOSE DE PARE,ALMA-OXIGENO,137,ALMA - OXÍGENO,11,7,0.0,0.0
0700241,SAN LUIS DE GACENO,ALMA-OXIGENO,137,ALMA - OXÍGENO,9,9,0.0,0.0
0700247,SAN MATEO,ALMA-OXIGENO,137,ALMA - OXÍGENO,15,13,0.0,0.0
0700248,SAN MIGUEL DE SEMA,ALMA-OXIGENO,137,ALMA - OXÍGENO,11,9,0.0,0.0
0700249,SAN PABLO DE BORBUR,ALMA-OXIGENO,137,ALMA - OXÍGENO,22,18,0.0,0.0
0700250,SANTANA,ALMA-OXIGENO,137,ALMA - OXÍGENO,16,12,0.0,0.0
0700251,SANTA MARIA,ALMA-OXIGENO,137,ALMA - OXÍGENO,7,7,0.0,0.0
0700253,SANTA ROSA DE VITERBO,ALMA-OXIGENO,137,ALMA - OXÍGENO,39,36,0.0,0.0
0700256,SANTA SOFIA,ALMA-OXIGENO,137,ALMA - OXÍGENO,9,8,0.0,0.0
0700259,SATIVANORTE,ALMA-OXIGENO,137,ALMA - OXÍGENO,9,9,0.0,0.0
0700265,SIACHOQUE,ALMA-OXIGENO,137,ALMA - OXÍGENO,23,19,0.0,0.0
0700268,SOATA,ALMA-OXIGENO,137,ALMA - OXÍGENO,25,23,0.0,0.0
0700271,SOCOTA,ALMA-OXIGENO,137,ALMA - OXÍGENO,24,17,0.0,0.0
0700274,SOCHA,ALMA-OXIGENO,137,ALMA - OXÍGENO,34,22,0.0,0.0
0700277,SOGAMOSO,ALMA-OXIGENO,137,ALMA - OXÍGENO,531,440,0.0,0.0
0700280,SOMONDOCO,ALMA-OXIGENO,137,ALMA - OXÍGENO,9,7,0.0,0.0
0700281,SORA,ALMA-OXIGENO,137,ALMA - OXÍGENO,14,11,0.0,0.0
0700282,SORACA,ALMA-OXIGENO,137,ALMA - OXÍGENO,24,21,0.0,0.0
0700283,SOTAQUIRA,ALMA-OXIGENO,137,ALMA - OXÍGENO,35,29,0.0,0.0
0700286,SUSACON,ALMA-OXIGENO,137,ALMA - OXÍGENO,6,5,0.0,0.0
0700289,SUTAMARCHAN,ALMA-OXIGENO,137,ALMA - OXÍGENO,10,8,0.0,0.0
0700292,SUTATENZA,ALMA-OXIGENO,137,ALMA - OXÍGENO,13,13,0.0,0.0
0700298,TASCO,ALMA-OXIGENO,137,ALMA - OXÍGENO,19,14,0.0,0.0
0700301,TENZA,ALMA-OXIGENO,137,ALMA - OXÍGENO,8,7,0.0,0.0
0700304,TIBANA,ALMA-OXIGENO,137,ALMA - OXÍGENO,24,21,0.0,0.0
0700307,TIBASOSA,ALMA-OXIGENO,137,ALMA - OXÍGENO,45,39,0.0,0.0
0700310,TINJACA,ALMA-OXIGENO,137,ALMA - OXÍGENO,9,8,0.0,0.0
0700311,TIPACOQUE,ALMA-OXIGENO,137,ALMA - OXÍGENO,17,12,0.0,0.0
0700313,TOCA,ALMA-OXIGENO,137,ALMA - OXÍGENO,20,17,0.0,0.0
0700316,TOGUI,ALMA-OXIGENO,137,ALMA - OXÍGENO,14,11,0.0,0.0
0700319,TOPAGA,ALMA-OXIGENO,137,ALMA - OXÍGENO,18,13,0.0,0.0
0700322,TOTA,ALMA-OXIGENO,137,ALMA - OXÍGENO,29,22,0.0,0.0
0700324,TUNUNGUA,ALMA-OXIGENO,137,ALMA - OXÍGENO,8,7,0.0,0.0
0700325,TURMEQUE,ALMA-OXIGENO,137,ALMA - OXÍGENO,14,11,0.0,0.0
0700328,TUTA,ALMA-OXIGENO,137,ALMA - OXÍGENO,20,17,0.0,0.0
0700331,TUTAZA,ALMA-OXIGENO,137,ALMA - OXÍGENO,1,1,0.0,0.0
0700334,UMBITA,ALMA-OXIGENO,137,ALMA - OXÍGENO,21,16,0.0,0.0
0700337,VENTAQUEMADA,ALMA-OXIGENO,137,ALMA - OXÍGENO,36,29,0.0,0.0
0700340,VIRACACHA,ALMA-OXIGENO,137,ALMA - OXÍGENO,12,8,0.0,0.0
0700346,ZETAQUIRA,ALMA-OXIGENO,137,ALMA - OXÍGENO,17,14,0.0,0.0
0700127,LABRANZAGRANDE,CENTRO DEMOCRATICO,10,PARTIDO CENTRO DEMOCRÁTICO,25,15,213.0,8.52
0700034,BUSBANZA,CENTRO DEMOCRATICO,10,PARTIDO CENTRO DEMOCRÁTICO,21,13,82.0,3.9047619047619047
0700331,TUTAZA,CENTRO DEMOCRATICO,10,PARTIDO CENTRO DEMOCRÁTICO,51,29,195.0,3.823529411764706
0700091,FLORESTA,CENTRO DEMOCRATICO,10,PARTIDO CENTRO DEMOCRÁTICO,115,86,411.0,3.5739130434782607
0700235,SAMACA,CENTRO DEMOCRATICO,10,PARTIDO CENTRO DEMOCRÁTICO,258,199,825.0,3.197674418604651
0700334,UMBITA,CENTRO DEMOCRATICO,10,PARTIDO CENTRO DEMOCRÁTICO,108,59,333.0,3.0833333333333335
0700223,RONDON,CENTRO DEMOCRATICO,10,PARTIDO CENTRO DEMOCRÁTICO,93,59,276.0,2.967741935483871
0700202,PESCA,CENTRO DEMOCRATICO,10,PARTIDO CENTRO DEMOCRÁTICO,143,95,392.0,2.7412587412587412
0700070,CHISCAS,CENTRO DEMOCRATICO,10,PARTIDO CENTRO DEMOCRÁTICO,129,74,345.0,2.6744186046511627
0700328,TUTA,CENTRO DEMOCRATICO,10,PARTIDO CENTRO DEMOCRÁTICO,168,130,447.0,2.6607142857142856
0700016,BERBEO,CENTRO DEMOCRATICO,10,PARTIDO CENTRO DEMOCRÁTICO,38,29,100.0,2.6315789473684212
0700064,CHINAVITA,CENTRO DEMOCRATICO,10,PARTIDO CENTRO DEMOCRÁTICO,118,72,303.0,2.5677966101694913
0700346,ZETAQUIRA,CENTRO DEMOCRATICO,10,PARTIDO CENTRO DEMOCRÁTICO,114,74,274.0,2.4035087719298245
0700151,MIRAFLORES,CENTRO DEMOCRATICO,10,PARTIDO CENTRO DEMOCRÁTICO,196,134,465.0,2.372448979591837
0700247,SAN MATEO,CENTRO DEMOCRATICO,10,PARTIDO CENTRO DEMOCRÁTICO,251,157,594.0,2.366533864541833
0700313,TOCA,CENTRO DEMOCRATICO,10,PARTIDO CENTRO DEMOCRÁTICO,149,98,338.0,2.2684563758389262
0700124,JERICO,CENTRO DEMOCRATICO,10,PARTIDO CENTRO DEMOCRÁTICO,223,118,504.0,2.2600896860986546
0700077,CHIVATA,CENTRO DEMOCRATICO,10,PARTIDO CENTRO DEMOCRÁTICO,85,56,192.0,2.2588235294117647
0700058,COVARACHIA,CENTRO DEMOCRATICO,10,PARTIDO CENTRO DEMOCRÁTICO,203,111,455.0,2.2413793103448274
0700286,SUSACON,CENTRO DEMOCRATICO,10,PARTIDO CENTRO DEMOCRÁTICO,107,74,237.0,2.2149532710280373
0700304,TIBANA,CENTRO DEMOCRATICO,10,PARTIDO CENTRO DEMOCRÁTICO,145,87,319.0,2.2
0700301,TENZA,CENTRO DEMOCRATICO,10,PARTIDO CENTRO DEMOCRÁTICO,90,57,197.0,2.188888888888889
0700205,PISBA,CENTRO DEMOCRATICO,10,PARTIDO CENTRO DEMOCRÁTICO,43,20,94.0,2.186046511627907
0700166,NOBSA,CENTRO DEMOCRATICO,10,PARTIDO CENTRO DEMOCRÁTICO,321,222,699.0,2.177570093457944
0700283,SOTAQUIRA,CENTRO DEMOCRATICO,10,PARTIDO CENTRO DEMOCRÁTICO,241,177,520.0,2.1576763485477177
0700307,TIBASOSA,CENTRO DEMOCRATICO,10,PARTIDO CENTRO DEMOCRÁTICO,345,232,744.0,2.1565217391304348
0700008,AQUITANIA (PUEBLOVIEJO),CENTRO DEMOCRATICO,10,PARTIDO CENTRO DEMOCRÁTICO,524,314,1129.0,2.154580152671756
0700289,SUTAMARCHAN,CENTRO DEMOCRATICO,10,PARTIDO CENTRO DEMOCRÁTICO,326,252,701.0,2.1503067484662575
0700251,SANTA MARIA,CENTRO DEMOCRATICO,10,PARTIDO CENTRO DEMOCRÁTICO,74,45,158.0,2.135135135135135
0700049,COMBITA,CENTRO DEMOCRATICO,10,PARTIDO CENTRO DEMOCRÁTICO,216,163,455.0,2.1064814814814814
0700082,EL COCUY,CENTRO DEMOCRATICO,10,PARTIDO CENTRO DEMOCRÁTICO,216,127,455.0,2.1064814814814814
0700040,CAMPOHERMOSO,CENTRO DEMOCRATICO,10,PARTIDO CENTRO DEMOCRÁTICO,132,110,275.0,2.0833333333333335
0700319,TOPAGA,CENTRO DEMOCRATICO,10,PARTIDO CENTRO DEMOCRÁTICO,193,128,402.0,2.082901554404145
0700118,IZA,CENTRO DEMOCRATICO,10,PARTIDO CENTRO DEMOCRÁTICO,140,105,291.0,2.0785714285714287
0700046,CIENEGA,CENTRO DEMOCRATICO,10,PARTIDO CENTRO DEMOCRÁTICO,182,130,364.0,2.0
0700241,SAN LUIS DE GACENO,CENTRO DEMOCRATICO,10,PARTIDO CENTRO DEMOCRÁTICO,239,163,478.0,2.0
0700097,GAMEZA,CENTRO DEMOCRATICO,10,PARTIDO CENTRO DEMOCRÁTICO,269,183,534.0,1.9851301115241635
0700161,MOTAVITA,CENTRO DEMOCRATICO,10,PARTIDO CENTRO DEMOCRÁTICO,109,74,214.0,1.963302752293578
0700271,SOCOTA,CENTRO DEMOCRATICO,10,PARTIDO CENTRO DEMOCRÁTICO,471,291,924.0,1.9617834394904459
0700217,RAMIRIQUI,CENTRO DEMOCRATICO,10,PARTIDO CENTRO DEMOCRÁTICO,389,284,753.0,1.93573264781491
0700055,CORRALES,CENTRO DEMOCRATICO,10,PARTIDO CENTRO DEMOCRÁTICO,177,131,340.0,1.92090395480226
0700256,SANTA SOFIA,CENTRO DEMOCRATICO,10,PARTIDO CENTRO DEMOCRÁTICO,178,123,340.0,1.9101123595505618
0700274,SOCHA,CENTRO DEMOCRATICO,10,PARTIDO CENTRO DEMOCRÁTICO,837,660,1586.0,1.8948626045400239
0700193,PAYA,CENTRO DEMOCRATICO,10,PARTIDO CENTRO DEMOCRÁTICO,48,25,90.0,1.875
0700100,GARAGOA,CENTRO DEMOCRATICO,10,PARTIDO CENTRO DEMOCRÁTICO,556,390,1031.0,1.85431654676259
0700043,CERINZA,CENTRO DEMOCRATICO,10,PARTIDO CENTRO DEMOCRÁTICO,124,83,229.0,1.846774193548387
0700013,BELEN,CENTRO DEMOCRATICO,10,PARTIDO CENTRO DEMOCRÁTICO,319,218,585.0,1.8338557993730407
0700019,BETEITIVA,CENTRO DEMOCRATICO,10,PARTIDO CENTRO DEMOCRÁTICO,90,66,165.0,1.8333333333333333
0700010,ARCABUCO,CENTRO DEMOCRATICO,10,PARTIDO CENTRO DEMOCRÁTICO,234,176,427.0,1.8247863247863247
0700121,JENESANO,CENTRO DEMOCRATICO,10,PARTIDO CENTRO DEMOCRÁTICO,284,191,510.0,1.795774647887324
0700136,LA UVITA,CENTRO DEMOCRATICO,10,PARTIDO CENTRO DEMOCRÁTICO,188,138,334.0,1.7765957446808511
0700259,SATIVANORTE,CENTRO DEMOCRATICO,10,PARTIDO CENTRO DEMOCRÁTICO,150,114,264.0,1.76
0700184,PAJARITO,CENTRO DEMOCRATICO,10,PARTIDO CENTRO DEMOCRÁTICO,117,68,201.0,1.7179487179487178
0700253,SANTA ROSA DE VITERBO,CENTRO DEMOCRATICO,10,PARTIDO CENTRO DEMOCRÁTICO,611,479,1029.0,1.6841243862520459
0700109,GUAYATA,CENTRO DEMOCRATICO,10,PARTIDO CENTRO DEMOCRÁTICO,252,201,420.0,1.6666666666666667
0700322,TOTA,CENTRO DEMOCRATICO,10,PARTIDO CENTRO DEMOCRÁTICO,143,119,237.0,1.6573426573426573
0700025,BOYACA,CENTRO DEMOCRATICO,10,PARTIDO CENTRO DEMOCRÁTICO,113,78,187.0,1.654867256637168
0700268,SOATA,CENTRO DEMOCRATICO,10,PARTIDO CENTRO DEMOCRÁTICO,607,424,1001.0,1.6490939044481054
0700139,VILLA DE LEIVA,CENTRO DEMOCRATICO,10,PARTIDO CENTRO DEMOCRÁTICO,871,545,1428.0,1.6394948335246842
0700079,DUITAMA,CENTRO DEMOCRATICO,10,PARTIDO CENTRO DEMOCRÁTICO,5593,3654,9111.0,1.6290005363847666
0700298,TASCO,CENTRO DEMOCRATICO,10,PARTIDO CENTRO DEMOCRÁTICO,333,260,536.0,1.6096096096096095
0700060,CUCAITA,CENTRO DEMOCRATICO,10,PARTIDO CENTRO DEMOCRÁTICO,82,66,131.0,1.5975609756097562
0700181,PAIPA,CENTRO DEMOCRATICO,10,PARTIDO CENTRO DEMOCRÁTICO,1749,1367,2771.0,1.584333905088622
0700281,SORA,CENTRO DEMOCRATICO,10,PARTIDO CENTRO DEMOCRÁTICO,132,107,206.0,1.5606060606060606
0700199,PAZ DE RIO,CENTRO DEMOCRATICO,10,PARTIDO CENTRO DEMOCRÁTICO,176,142,274.0,1.5568181818181819
0700178,PACHAVITA,CENTRO DEMOCRATICO,10,PARTIDO CENTRO DEMOCRÁTICO,178,115,274.0,1.5393258426966292
0700232,SACHICA,CENTRO DEMOCRATICO,10,PARTIDO CENTRO DEMOCRÁTICO,186,146,284.0,1.5268817204301075
0700179,PAEZ,CENTRO DEMOCRATICO,10,PARTIDO CENTRO DEMOCRÁTICO,279,207,425.0,1.5232974910394266
0700154,MONGUA,CENTRO DEMOCRATICO,10,PARTIDO CENTRO DEMOCRÁTICO,566,425,861.0,1.5212014134275618
0700061,CUITIVA,CENTRO DEMOCRATICO,10,PARTIDO CENTRO DEMOCRÁTICO,146,115,218.0,1.4931506849315068
0700262,SATIVASUR,CENTRO DEMOCRATICO,10,PARTIDO CENTRO DEMOCRÁTICO,63,57,94.0,1.492063492063492
0700277,SOGAMOSO,CENTRO DEMOCRATICO,10,PARTIDO CENTRO DEMOCRÁTICO,5415,3697,8062.0,1.4888273314866112
0700282,SORACA,CENTRO DEMOCRATICO,10,PARTIDO CENTRO DEMOCRÁTICO,200,150,297.0,1.485
0700169,NUEVO COLON,CENTRO DEMOCRATICO,10,PARTIDO CENTRO DEMOCRÁTICO,120,73,177.0,1.475
0700073,CHITA,CENTRO DEMOCRATICO,10,PARTIDO CENTRO DEMOCRÁTICO,549,305,801.0,1.459016393442623
0700157,MONGUI,CENTRO DEMOCRATICO,10,PARTIDO CENTRO DEMOCRÁTICO,235,151,340.0,1.446808510638298
0700112,GUICAN,CENTRO DEMOCRATICO,10,PARTIDO CENTRO DEMOCRÁTICO,207,152,293.0,1.4154589371980677
0700007,ALMEIDA,CENTRO DEMOCRATICO,10,PARTIDO CENTRO DEMOCRÁTICO,67,53,93.0,1.3880597014925373
0700068,CHIQUIZA,CENTRO DEMOCRATICO,10,PARTIDO CENTRO DEMOCRÁTICO,43,31,59.0,1.372093023255814
0700001,TUNJA,CENTRO DEMOCRATICO,10,PARTIDO CENTRO DEMOCRÁTICO,7735,5595,10610.0,1.3716871363930188
0700337,VENTAQUEMADA,CENTRO DEMOCRATICO,10,PARTIDO CENTRO DEMOCRÁTICO,475,366,644.0,1.3557894736842104
0700088,FIRAVITOBA,CENTRO DEMOCRATICO,10,PARTIDO CENTRO DEMOCRÁTICO,255,190,344.0,1.3490196078431373
0700142,MACANAL,CENTRO DEMOCRATICO,10,PARTIDO CENTRO DEMOCRÁTICO,215,124,287.0,1.3348837209302327
0700340,VIRACACHA,CENTRO DEMOCRATICO,10,PARTIDO CENTRO DEMOCRÁTICO,132,114,175.0,1.3257575757575757
0700238,SAN JOSE DE PARE,CENTRO DEMOCRATICO,10,PARTIDO CENTRO DEMOCRÁTICO,452,398,595.0,1.3163716814159292
0700059,CUBARA,CENTRO DEMOCRATICO,10,PARTIDO CENTRO DEMOCRÁTICO,91,60,119.0,1.3076923076923077
0700160,MONIQUIRA,CENTRO DEMOCRATICO,10,PARTIDO CENTRO DEMOCRÁTICO,1311,929,1705.0,1.3005339435545384
0700022,BOAVITA,CENTRO DEMOCRATICO,10,PARTIDO CENTRO DEMOCRÁTICO,438,331,548.0,1.2511415525114156
0700311,TIPACOQUE,CENTRO DEMOCRATICO,10,PARTIDO CENTRO DEMOCRÁTICO,265,217,331.0,1.2490566037735849
0700248,SAN MIGUEL DE SEMA,CENTRO DEMOCRATICO,10,PARTIDO CENTRO DEMOCRÁTICO,145,101,177.0,1.2206896551724138
0700103,GUACAMAYAS,CENTRO DEMOCRATICO,10,PARTIDO CENTRO DEMOCRÁTICO,151,98,178.0,1.1788079470198676
0700226,SABOYA,CENTRO DEMOCRATICO,10,PARTIDO CENTRO DEMOCRÁTICO,505,365,593.0,1.1742574257425742
0700310,TINJACA,CENTRO DEMOCRATICO,10,PARTIDO CENTRO DEMOCRÁTICO,257,196,301.0,1.171206225680934
0700130,LA CAPILLA,CENTRO DEMOCRATICO,10,PARTIDO CENTRO DEMOCRÁTICO,181,141,211.0,1.1657458563535912
0700280,SOMONDOCO,CENTRO DEMOCRATICO,10,PARTIDO CENTRO DEMOCRÁTICO,153,107,177.0,1.1568627450980393
0700237,SAN EDUARDO,CENTRO DEMOCRATICO,10,PARTIDO CENTRO DEMOCRÁTICO,110,91,124.0,1.1272727272727272
0700094,GACHANTIVA,CENTRO DEMOCRATICO,10,PARTIDO CENTRO DEMOCRÁTICO,202,165,226.0,1.118811881188119
0700292,SUTATENZA,CENTRO DEMOCRATICO,10,PARTIDO CENTRO DEMOCRÁTICO,202,162,224.0,1.108910891089109
0700325,TURMEQUE,CENTRO DEMOCRATICO,10,PARTIDO CENTRO DEMOCRÁTICO,158,111,172.0,1.0886075949367089
0700220,RAQUIRA,CENTRO DEMOCRATICO,10,PARTIDO CENTRO DEMOCRÁTICO,390,286,418.0,1.0717948717948718
0700187,PANQUEBA,CENTRO DEMOCRATICO,10,PARTIDO CENTRO DEMOCRÁTICO,237,170,253.0,1.0675105485232068
0700085,EL ESPINO,CENTRO DEMOCRATICO,10,PARTIDO CENTRO DEMOCRÁTICO,486,411,498.0,1.0246913580246915
0700028,BRICEÑO,CENTRO DEMOCRATICO,10,PARTIDO CENTRO DEMOCRÁTICO,238,196,243.0,1.0210084033613445
0700265,SIACHOQUE,CENTRO DEMOCRATICO,10,PARTIDO CENTRO DEMOCRÁTICO,392,321,398.0,1.0153061224489797
0700324,TUNUNGUA,CENTRO DEMOCRATICO,10,PARTIDO CENTRO DEMOCRÁTICO,80,70,76.0,0.95
0700076,CHITARAQUE,CENTRO DEMOCRATICO,10,PARTIDO CENTRO DEMOCRÁTICO,756,677,694.0,0.917989417989418
0700106,GUATEQUE,CENTRO DEMOCRATICO,10,PARTIDO CENTRO DEMOCRÁTICO,674,601,601.0,0.8916913946587537
0700067,CHIQUINQUIRA,CENTRO DEMOCRATICO,10,PARTIDO CENTRO DEMOCRÁTICO,4624,3982,4031.0,0.8717560553633218
0700078,CHIVOR,CENTRO DEMOCRATICO,10,PARTIDO CENTRO DEMOCRÁTICO,315,288,264.0,0.8380952380952381
0700316,TOGUI,CENTRO DEMOCRATICO,10,PARTIDO CENTRO DEMOCRÁTICO,423,340,346.0,0.817966903073286
0700249,SAN PABLO DE BORBUR,CENTRO DEMOCRATICO,10,PARTIDO CENTRO DEMOCRÁTICO,1167,1051,941.0,0.8063410454155956
0700190,PAUNA,CENTRO DEMOCRATICO,10,PARTIDO CENTRO DEMOCRÁTICO,1166,1060,937.0,0.8036020583190394
0700176,OTANCHE,CENTRO DEMOCRATICO,10,PARTIDO CENTRO DEMOCRÁTICO,1121,1004,858.0,0.7653880463871543
0700052,COPER,CENTRO DEMOCRATICO,10,PARTIDO CENTRO DEMOCRÁTICO,331,290,249.0,0.7522658610271903
0700250,SANTANA,CENTRO DEMOCRATICO,10,PARTIDO CENTRO DEMOCRÁTICO,701,619,471.0,0.6718972895863052
0700031,BUENAVISTA,CENTRO DEMOCRATICO,10,PARTIDO CENTRO DEMOCRÁTICO,607,537,405.0,0.6672158154859967
0700173,OICATA,CENTRO DEMOCRATICO,10,PARTIDO CENTRO DEMOCRÁTICO,400,360,254.0,0.635
0700214,PUERTO BOYACA,CENTRO DEMOCRATICO,10,PARTIDO CENTRO DEMOCRÁTICO,6503,5963,4110.0,0.6320159926187914
0700037,CALDAS,CENTRO DEMOCRATICO,10,PARTIDO CENTRO DEMOCRÁTICO,292,253,183.0,0.6267123287671232
0700215,QUIPAMA,CENTRO DEMOCRATICO,10,PARTIDO CENTRO DEMOCRÁTICO,780,689,484.0,0.6205128205128205
0700163,MUZO,CENTRO DEMOCRATICO,10,PARTIDO CENTRO DEMOCRÁTICO,1121,1063,654.0,0.5834076717216771
0700148,MARIPI,CENTRO DEMOCRATICO,10,PARTIDO CENTRO DEMOCRÁTICO,1627,1586,554.0,0.3405039950829748
0700137,LA VICTORIA,CENTRO DEMOCRATICO,10,PARTIDO CENTRO DEMOCRÁTICO,221,202,69.0,0.31221719457013575
0700235,SAMACA,CONSERVADOR-SALV NACIONAL,121,PARTIDO CONSERVADOR - MOVIMIENTO SALVACIÓN NACIONAL,223,201,436.0,1.9551569506726458
0700068,CHIQUIZA,CONSERVADOR-SALV NACIONAL,121,PARTIDO CONSERVADOR - MOVIMIENTO SALVACIÓN NACIONAL,34,31,57.0,1.6764705882352942
0700059,CUBARA,CONSERVADOR-SALV NACIONAL,121,PARTIDO CONSERVADOR - MOVIMIENTO SALVACIÓN NACIONAL,44,38,73.0,1.6590909090909092
0700322,TOTA,CONSERVADOR-SALV NACIONAL,121,PARTIDO CONSERVADOR - MOVIMIENTO SALVACIÓN NACIONAL,65,61,104.0,1.6
0700070,CHISCAS,CONSERVADOR-SALV NACIONAL,121,PARTIDO CONSERVADOR - MOVIMIENTO SALVACIÓN NACIONAL,10,7,13.0,1.3
0700091,FLORESTA,CONSERVADOR-SALV NACIONAL,121,PARTIDO CONSERVADOR - MOVIMIENTO SALVACIÓN NACIONAL,73,67,91.5,1.2534246575342465
0700043,CERINZA,CONSERVADOR-SALV NACIONAL,121,PARTIDO CONSERVADOR - MOVIMIENTO SALVACIÓN NACIONAL,156,148,182.0,1.1666666666666667
0700253,SANTA ROSA DE VITERBO,CONSERVADOR-SALV NACIONAL,121,PARTIDO CONSERVADOR - MOVIMIENTO SALVACIÓN NACIONAL,408,372,456.5,1.1188725490196079
0700214,PUERTO BOYACA,CONSERVADOR-SALV NACIONAL,121,PARTIDO CONSERVADOR - MOVIMIENTO SALVACIÓN NACIONAL,566,488,582.5,1.0291519434628975
0700202,PESCA,CONSERVADOR-SALV NACIONAL,121,PARTIDO CONSERVADOR - MOVIMIENTO SALVACIÓN NACIONAL,147,140,150.5,1.0238095238095237
0700049,COMBITA,CONSERVADOR-SALV NACIONAL,121,PARTIDO CONSERVADOR - MOVIMIENTO SALVACIÓN NACIONAL,343,326,349.0,1.0174927113702623
0700311,TIPACOQUE,CONSERVADOR-SALV NACIONAL,121,PARTIDO CONSERVADOR - MOVIMIENTO SALVACIÓN NACIONAL,41,35,41.5,1.0121951219512195
0700277,SOGAMOSO,CONSERVADOR-SALV NACIONAL,121,PARTIDO CONSERVADOR - MOVIMIENTO SALVACIÓN NACIONAL,4256,3806,4278.5,1.0052866541353382
0700316,TOGUI,CONSERVADOR-SALV NACIONAL,121,PARTIDO CONSERVADOR - MOVIMIENTO SALVACIÓN NACIONAL,149,129,143.5,0.9630872483221476
0700010,ARCABUCO,CONSERVADOR-SALV NACIONAL,121,PARTIDO CONSERVADOR - MOVIMIENTO SALVACIÓN NACIONAL,251,227,230.0,0.9163346613545816
0700151,MIRAFLORES,CONSERVADOR-SALV NACIONAL,121,PARTIDO CONSERVADOR - MOVIMIENTO SALVACIÓN NACIONAL,128,113,113.0,0.8828125
0700058,COVARACHIA,CONSERVADOR-SALV NACIONAL,121,PARTIDO CONSERVADOR - MOVIMIENTO SALVACIÓN NACIONAL,90,85,78.5,0.8722222222222222
0700088,FIRAVITOBA,CONSERVADOR-SALV NACIONAL,121,PARTIDO CONSERVADOR - MOVIMIENTO SALVACIÓN NACIONAL,220,202,191.0,0.8681818181818182
0700013,BELEN,CONSERVADOR-SALV NACIONAL,121,PARTIDO CONSERVADOR - MOVIMIENTO SALVACIÓN NACIONAL,266,238,228.5,0.8590225563909775
0700166,NOBSA,CONSERVADOR-SALV NACIONAL,121,PARTIDO CONSERVADOR - MOVIMIENTO SALVACIÓN NACIONAL,593,559,502.0,0.8465430016863407
0700022,BOAVITA,CONSERVADOR-SALV NACIONAL,121,PARTIDO CONSERVADOR - MOVIMIENTO SALVACIÓN NACIONAL,230,202,194.0,0.8434782608695652
0700292,SUTATENZA,CONSERVADOR-SALV NACIONAL,121,PARTIDO CONSERVADOR - MOVIMIENTO SALVACIÓN NACIONAL,701,663,586.0,0.8359486447931527
0700268,SOATA,CONSERVADOR-SALV NACIONAL,121,PARTIDO CONSERVADOR - MOVIMIENTO SALVACIÓN NACIONAL,324,301,269.5,0.8317901234567902
0700199,PAZ DE RIO,CONSERVADOR-SALV NACIONAL,121,PARTIDO CONSERVADOR - MOVIMIENTO SALVACIÓN NACIONAL,53,48,43.5,0.8207547169811321
0700187,PANQUEBA,CONSERVADOR-SALV NACIONAL,121,PARTIDO CONSERVADOR - MOVIMIENTO SALVACIÓN NACIONAL,40,35,32.0,0.8
0700106,GUATEQUE,CONSERVADOR-SALV NACIONAL,121,PARTIDO CONSERVADOR - MOVIMIENTO SALVACIÓN NACIONAL,547,522,433.5,0.7925045703839122
0700181,PAIPA,CONSERVADOR-SALV NACIONAL,121,PARTIDO CONSERVADOR - MOVIMIENTO SALVACIÓN NACIONAL,1488,1343,1123.0,0.7547043010752689
0700250,SANTANA,CONSERVADOR-SALV NACIONAL,121,PARTIDO CONSERVADOR - MOVIMIENTO SALVACIÓN NACIONAL,237,213,168.5,0.7109704641350211
0700139,VILLA DE LEIVA,CONSERVADOR-SALV NACIONAL,121,PARTIDO CONSERVADOR - MOVIMIENTO SALVACIÓN NACIONAL,469,408,333.0,0.7100213219616205
0700016,BERBEO,CONSERVADOR-SALV NACIONAL,121,PARTIDO CONSERVADOR - MOVIMIENTO SALVACIÓN NACIONAL,20,18,14.0,0.7
0700256,SANTA SOFIA,CONSERVADOR-SALV NACIONAL,121,PARTIDO CONSERVADOR - MOVIMIENTO SALVACIÓN NACIONAL,95,83,66.0,0.6947368421052632
0700237,SAN EDUARDO,CONSERVADOR-SALV NACIONAL,121,PARTIDO CONSERVADOR - MOVIMIENTO SALVACIÓN NACIONAL,39,37,27.0,0.6923076923076923
0700008,AQUITANIA (PUEBLOVIEJO),CONSERVADOR-SALV NACIONAL,121,PARTIDO CONSERVADOR - MOVIMIENTO SALVACIÓN NACIONAL,669,576,461.5,0.6898355754857997
0700190,PAUNA,CONSERVADOR-SALV NACIONAL,121,PARTIDO CONSERVADOR - MOVIMIENTO SALVACIÓN NACIONAL,267,230,183.5,0.6872659176029963
0700280,SOMONDOCO,CONSERVADOR-SALV NACIONAL,121,PARTIDO CONSERVADOR - MOVIMIENTO SALVACIÓN NACIONAL,216,174,147.5,0.6828703703703703
0700324,TUNUNGUA,CONSERVADOR-SALV NACIONAL,121,PARTIDO CONSERVADOR - MOVIMIENTO SALVACIÓN NACIONAL,32,30,21.5,0.671875
0700161,MOTAVITA,CONSERVADOR-SALV NACIONAL,121,PARTIDO CONSERVADOR - MOVIMIENTO SALVACIÓN NACIONAL,219,207,146.5,0.6689497716894978
0700325,TURMEQUE,CONSERVADOR-SALV NACIONAL,121,PARTIDO CONSERVADOR - MOVIMIENTO SALVACIÓN NACIONAL,97,85,64.0,0.6597938144329897
0700184,PAJARITO,CONSERVADOR-SALV NACIONAL,121,PARTIDO CONSERVADOR - MOVIMIENTO SALVACIÓN NACIONAL,60,57,39.0,0.65
0700262,SATIVASUR,CONSERVADOR-SALV NACIONAL,121,PARTIDO CONSERVADOR - MOVIMIENTO SALVACIÓN NACIONAL,70,70,45.0,0.6428571428571429
0700034,BUSBANZA,CONSERVADOR-SALV NACIONAL,121,PARTIDO CONSERVADOR - MOVIMIENTO SALVACIÓN NACIONAL,68,68,43.0,0.6323529411764706
0700259,SATIVANORTE,CONSERVADOR-SALV NACIONAL,121,PARTIDO CONSERVADOR - MOVIMIENTO SALVACIÓN NACIONAL,96,89,60.5,0.6302083333333334
0700076,CHITARAQUE,CONSERVADOR-SALV NACIONAL,121,PARTIDO CONSERVADOR - MOVIMIENTO SALVACIÓN NACIONAL,52,42,32.5,0.625
0700121,JENESANO,CONSERVADOR-SALV NACIONAL,121,PARTIDO CONSERVADOR - MOVIMIENTO SALVACIÓN NACIONAL,138,120,84.0,0.6086956521739131
0700238,SAN JOSE DE PARE,CONSERVADOR-SALV NACIONAL,121,PARTIDO CONSERVADOR - MOVIMIENTO SALVACIÓN NACIONAL,80,74,48.0,0.6
0700248,SAN MIGUEL DE SEMA,CONSERVADOR-SALV NACIONAL,121,PARTIDO CONSERVADOR - MOVIMIENTO SALVACIÓN NACIONAL,239,214,142.0,0.5941422594142259
0700094,GACHANTIVA,CONSERVADOR-SALV NACIONAL,121,PARTIDO CONSERVADOR - MOVIMIENTO SALVACIÓN NACIONAL,98,88,58.0,0.5918367346938775
0700179,PAEZ,CONSERVADOR-SALV NACIONAL,121,PARTIDO CONSERVADOR - MOVIMIENTO SALVACIÓN NACIONAL,51,46,29.5,0.5784313725490197
0700160,MONIQUIRA,CONSERVADOR-SALV NACIONAL,121,PARTIDO CONSERVADOR - MOVIMIENTO SALVACIÓN NACIONAL,907,797,522.0,0.5755237045203969
0700226,SABOYA,CONSERVADOR-SALV NACIONAL,121,PARTIDO CONSERVADOR - MOVIMIENTO SALVACIÓN NACIONAL,1266,1178,723.0,0.5710900473933649
0700340,VIRACACHA,CONSERVADOR-SALV NACIONAL,121,PARTIDO CONSERVADOR - MOVIMIENTO SALVACIÓN NACIONAL,174,160,97.0,0.5574712643678161
0700205,PISBA,CONSERVADOR-SALV NACIONAL,121,PARTIDO CONSERVADOR - MOVIMIENTO SALVACIÓN NACIONAL,108,105,59.5,0.5509259259259259
0700060,CUCAITA,CONSERVADOR-SALV NACIONAL,121,PARTIDO CONSERVADOR - MOVIMIENTO SALVACIÓN NACIONAL,221,209,121.5,0.5497737556561086
0700346,ZETAQUIRA,CONSERVADOR-SALV NACIONAL,121,PARTIDO CONSERVADOR - MOVIMIENTO SALVACIÓN NACIONAL,113,105,62.0,0.5486725663716814
0700220,RAQUIRA,CONSERVADOR-SALV NACIONAL,121,PARTIDO CONSERVADOR - MOVIMIENTO SALVACIÓN NACIONAL,200,183,109.0,0.545
0700025,BOYACA,CONSERVADOR-SALV NACIONAL,121,PARTIDO CONSERVADOR - MOVIMIENTO SALVACIÓN NACIONAL,92,84,50.0,0.5434782608695652
0700118,IZA,CONSERVADOR-SALV NACIONAL,121,PARTIDO CONSERVADOR - MOVIMIENTO SALVACIÓN NACIONAL,201,190,108.5,0.5398009950248757
0700223,RONDON,CONSERVADOR-SALV NACIONAL,121,PARTIDO CONSERVADOR - MOVIMIENTO SALVACIÓN NACIONAL,76,71,40.5,0.5328947368421053
0700031,BUENAVISTA,CONSERVADOR-SALV NACIONAL,121,PARTIDO CONSERVADOR - MOVIMIENTO SALVACIÓN NACIONAL,451,426,239.0,0.5299334811529933
0700319,TOPAGA,CONSERVADOR-SALV NACIONAL,121,PARTIDO CONSERVADOR - MOVIMIENTO SALVACIÓN NACIONAL,693,666,366.5,0.5288600288600288
0700079,DUITAMA,CONSERVADOR-SALV NACIONAL,121,PARTIDO CONSERVADOR - MOVIMIENTO SALVACIÓN NACIONAL,5582,5112,2940.5,0.5267825152275171
0700085,EL ESPINO,CONSERVADOR-SALV NACIONAL,121,PARTIDO CONSERVADOR - MOVIMIENTO SALVACIÓN NACIONAL,122,116,63.5,0.5204918032786885
0700078,CHIVOR,CONSERVADOR-SALV NACIONAL,121,PARTIDO CONSERVADOR - MOVIMIENTO SALVACIÓN NACIONAL,191,183,99.0,0.518324607329843
0700298,TASCO,CONSERVADOR-SALV NACIONAL,121,PARTIDO CONSERVADOR - MOVIMIENTO SALVACIÓN NACIONAL,115,100,58.0,0.5043478260869565
0700286,SUSACON,CONSERVADOR-SALV NACIONAL,121,PARTIDO CONSERVADOR - MOVIMIENTO SALVACIÓN NACIONAL,82,77,40.0,0.4878048780487805
0700103,GUACAMAYAS,CONSERVADOR-SALV NACIONAL,121,PARTIDO CONSERVADOR - MOVIMIENTO SALVACIÓN NACIONAL,153,144,73.0,0.477124183006536
0700334,UMBITA,CONSERVADOR-SALV NACIONAL,121,PARTIDO CONSERVADOR - MOVIMIENTO SALVACIÓN NACIONAL,717,691,342.0,0.4769874476987448
0700169,NUEVO COLON,CONSERVADOR-SALV NACIONAL,121,PARTIDO CONSERVADOR - MOVIMIENTO SALVACIÓN NACIONAL,194,186,92.5,0.47680412371134023
0700127,LABRANZAGRANDE,CONSERVADOR-SALV NACIONAL,121,PARTIDO CONSERVADOR - MOVIMIENTO SALVACIÓN NACIONAL,83,80,39.5,0.4759036144578313
0700136,LA UVITA,CONSERVADOR-SALV NACIONAL,121,PARTIDO CONSERVADOR - MOVIMIENTO SALVACIÓN NACIONAL,201,191,95.0,0.472636815920398
0700055,CORRALES,CONSERVADOR-SALV NACIONAL,121,PARTIDO CONSERVADOR - MOVIMIENTO SALVACIÓN NACIONAL,261,246,121.5,0.46551724137931033
0700281,SORA,CONSERVADOR-SALV NACIONAL,121,PARTIDO CONSERVADOR - MOVIMIENTO SALVACIÓN NACIONAL,93,87,43.0,0.46236559139784944
0700073,CHITA,CONSERVADOR-SALV NACIONAL,121,PARTIDO CONSERVADOR - MOVIMIENTO SALVACIÓN NACIONAL,325,275,149.5,0.46
0700001,TUNJA,CONSERVADOR-SALV NACIONAL,121,PARTIDO CONSERVADOR - MOVIMIENTO SALVACIÓN NACIONAL,10081,9451,4610.5,0.45734550143834934
0700067,CHIQUINQUIRA,CONSERVADOR-SALV NACIONAL,121,PARTIDO CONSERVADOR - MOVIMIENTO SALVACIÓN NACIONAL,2497,2339,1128.0,0.4517420905086103
0700271,SOCOTA,CONSERVADOR-SALV NACIONAL,121,PARTIDO CONSERVADOR - MOVIMIENTO SALVACIÓN NACIONAL,117,97,52.5,0.44871794871794873
0700289,SUTAMARCHAN,CONSERVADOR-SALV NACIONAL,121,PARTIDO CONSERVADOR - MOVIMIENTO SALVACIÓN NACIONAL,178,168,79.5,0.44662921348314605
0700061,CUITIVA,CONSERVADOR-SALV NACIONAL,121,PARTIDO CONSERVADOR - MOVIMIENTO SALVACIÓN NACIONAL,98,91,43.5,0.44387755102040816
0700241,SAN LUIS DE GACENO,CONSERVADOR-SALV NACIONAL,121,PARTIDO CONSERVADOR - MOVIMIENTO SALVACIÓN NACIONAL,995,957,432.0,0.43417085427135677
0700232,SACHICA,CONSERVADOR-SALV NACIONAL,121,PARTIDO CONSERVADOR - MOVIMIENTO SALVACIÓN NACIONAL,104,98,45.0,0.4326923076923077
0700173,OICATA,CONSERVADOR-SALV NACIONAL,121,PARTIDO CONSERVADOR - MOVIMIENTO SALVACIÓN NACIONAL,199,189,83.5,0.41959798994974873
0700301,TENZA,CONSERVADOR-SALV NACIONAL,121,PARTIDO CONSERVADOR - MOVIMIENTO SALVACIÓN NACIONAL,198,184,83.0,0.41919191919191917
0700052,COPER,CONSERVADOR-SALV NACIONAL,121,PARTIDO CONSERVADOR - MOVIMIENTO SALVACIÓN NACIONAL,345,334,144.5,0.41884057971014493
0700193,PAYA,CONSERVADOR-SALV NACIONAL,121,PARTIDO CONSERVADOR - MOVIMIENTO SALVACIÓN NACIONAL,40,39,16.5,0.4125
0700109,GUAYATA,CONSERVADOR-SALV NACIONAL,121,PARTIDO CONSERVADOR - MOVIMIENTO SALVACIÓN NACIONAL,847,809,342.0,0.4037780401416765
0700064,CHINAVITA,CONSERVADOR-SALV NACIONAL,121,PARTIDO CONSERVADOR - MOVIMIENTO SALVACIÓN NACIONAL,187,174,75.0,0.40106951871657753
0700154,MONGUA,CONSERVADOR-SALV NACIONAL,121,PARTIDO CONSERVADOR - MOVIMIENTO SALVACIÓN NACIONAL,398,376,159.5,0.4007537688442211
0700283,SOTAQUIRA,CONSERVADOR-SALV NACIONAL,121,PARTIDO CONSERVADOR - MOVIMIENTO SALVACIÓN NACIONAL,439,412,174.5,0.39749430523917995
0700112,GUICAN,CONSERVADOR-SALV NACIONAL,121,PARTIDO CONSERVADOR - MOVIMIENTO SALVACIÓN NACIONAL,209,195,82.5,0.39473684210526316
0700331,TUTAZA,CONSERVADOR-SALV NACIONAL,121,PARTIDO CONSERVADOR - MOVIMIENTO SALVACIÓN NACIONAL,92,90,36.0,0.391304347826087
0700040,CAMPOHERMOSO,CONSERVADOR-SALV NACIONAL,121,PARTIDO CONSERVADOR - MOVIMIENTO SALVACIÓN NACIONAL,284,278,111.0,0.3908450704225352
0700007,ALMEIDA,CONSERVADOR-SALV NACIONAL,121,PARTIDO CONSERVADOR - MOVIMIENTO SALVACIÓN NACIONAL,178,171,69.5,0.3904494382022472
0700046,CIENEGA,CONSERVADOR-SALV NACIONAL,121,PARTIDO CONSERVADOR - MOVIMIENTO SALVACIÓN NACIONAL,544,513,208.0,0.38235294117647056
0700097,GAMEZA,CONSERVADOR-SALV NACIONAL,121,PARTIDO CONSERVADOR - MOVIMIENTO SALVACIÓN NACIONAL,449,428,171.5,0.3819599109131403
0700282,SORACA,CONSERVADOR-SALV NACIONAL,121,PARTIDO CONSERVADOR - MOVIMIENTO SALVACIÓN NACIONAL,664,629,252.5,0.3802710843373494
0700077,CHIVATA,CONSERVADOR-SALV NACIONAL,121,PARTIDO CONSERVADOR - MOVIMIENTO SALVACIÓN NACIONAL,524,503,197.0,0.37595419847328243
0700082,EL COCUY,CONSERVADOR-SALV NACIONAL,121,PARTIDO CONSERVADOR - MOVIMIENTO SALVACIÓN NACIONAL,132,124,49.0,0.3712121212121212
0700124,JERICO,CONSERVADOR-SALV NACIONAL,121,PARTIDO CONSERVADOR - MOVIMIENTO SALVACIÓN NACIONAL,421,381,153.0,0.36342042755344417
0700310,TINJACA,CONSERVADOR-SALV NACIONAL,121,PARTIDO CONSERVADOR - MOVIMIENTO SALVACIÓN NACIONAL,312,298,109.5,0.35096153846153844
0700304,TIBANA,CONSERVADOR-SALV NACIONAL,121,PARTIDO CONSERVADOR - MOVIMIENTO SALVACIÓN NACIONAL,228,207,77.0,0.33771929824561403
0700274,SOCHA,CONSERVADOR-SALV NACIONAL,121,PARTIDO CONSERVADOR - MOVIMIENTO SALVACIÓN NACIONAL,178,164,58.5,0.32865168539325845
0700130,LA CAPILLA,CONSERVADOR-SALV NACIONAL,121,PARTIDO CONSERVADOR - MOVIMIENTO SALVACIÓN NACIONAL,277,266,90.5,0.3267148014440433
0700337,VENTAQUEMADA,CONSERVADOR-SALV NACIONAL,121,PARTIDO CONSERVADOR - MOVIMIENTO SALVACIÓN NACIONAL,1199,1148,385.5,0.32151793160967473
0700100,GARAGOA,CONSERVADOR-SALV NACIONAL,121,PARTIDO CONSERVADOR - MOVIMIENTO SALVACIÓN NACIONAL,2018,1953,632.0,0.313181367690783
0700307,TIBASOSA,CONSERVADOR-SALV NACIONAL,121,PARTIDO CONSERVADOR - MOVIMIENTO SALVACIÓN NACIONAL,1887,1832,584.5,0.3097509273979862
0700249,SAN PABLO DE BORBUR,CONSERVADOR-SALV NACIONAL,121,PARTIDO CONSERVADOR - MOVIMIENTO SALVACIÓN NACIONAL,700,666,214.0,0.3057142857142857
0700251,SANTA MARIA,CONSERVADOR-SALV NACIONAL,121,PARTIDO CONSERVADOR - MOVIMIENTO SALVACIÓN NACIONAL,560,541,170.5,0.3044642857142857
0700157,MONGUI,CONSERVADOR-SALV NACIONAL,121,PARTIDO CONSERVADOR - MOVIMIENTO SALVACIÓN NACIONAL,584,555,177.0,0.3030821917808219
0700019,BETEITIVA,CONSERVADOR-SALV NACIONAL,121,PARTIDO CONSERVADOR - MOVIMIENTO SALVACIÓN NACIONAL,165,159,50.0,0.30303030303030304
0700265,SIACHOQUE,CONSERVADOR-SALV NACIONAL,121,PARTIDO CONSERVADOR - MOVIMIENTO SALVACIÓN NACIONAL,497,469,147.5,0.29678068410462777
0700217,RAMIRIQUI,CONSERVADOR-SALV NACIONAL,121,PARTIDO CONSERVADOR - MOVIMIENTO SALVACIÓN NACIONAL,836,794,247.5,0.29605263157894735
0700313,TOCA,CONSERVADOR-SALV NACIONAL,121,PARTIDO CONSERVADOR - MOVIMIENTO SALVACIÓN NACIONAL,647,624,191.5,0.29598145285935085
0700328,TUTA,CONSERVADOR-SALV NACIONAL,121,PARTIDO CONSERVADOR - MOVIMIENTO SALVACIÓN NACIONAL,2151,2097,619.5,0.2880055788005579
0700176,OTANCHE,CONSERVADOR-SALV NACIONAL,121,PARTIDO CONSERVADOR - MOVIMIENTO SALVACIÓN NACIONAL,822,796,235.5,0.2864963503649635
0700215,QUIPAMA,CONSERVADOR-SALV NACIONAL,121,PARTIDO CONSERVADOR - MOVIMIENTO SALVACIÓN NACIONAL,573,547,161.5,0.28184991273996507
0700037,CALDAS,CONSERVADOR-SALV NACIONAL,121,PARTIDO CONSERVADOR - MOVIMIENTO SALVACIÓN NACIONAL,172,160,46.0,0.26744186046511625
0700178,PACHAVITA,CONSERVADOR-SALV NACIONAL,121,PARTIDO CONSERVADOR - MOVIMIENTO SALVACIÓN NACIONAL,174,163,45.5,0.2614942528735632
0700137,LA VICTORIA,CONSERVADOR-SALV NACIONAL,121,PARTIDO CONSERVADOR - MOVIMIENTO SALVACIÓN NACIONAL,92,92,24.0,0.2608695652173913
0700148,MARIPI,CONSERVADOR-SALV NACIONAL,121,PARTIDO CONSERVADOR - MOVIMIENTO SALVACIÓN NACIONAL,497,476,119.5,0.24044265593561368
0700142,MACANAL,CONSERVADOR-SALV NACIONAL,121,PARTIDO CONSERVADOR - MOVIMIENTO SALVACIÓN NACIONAL,548,500,113.5,0.2071167883211679
0700247,SAN MATEO,CONSERVADOR-SALV NACIONAL,121,PARTIDO CONSERVADOR - MOVIMIENTO SALVACIÓN NACIONAL,448,430,91.5,0.20424107142857142
0700163,MUZO,CONSERVADOR-SALV NACIONAL,121,PARTIDO CONSERVADOR - MOVIMIENTO SALVACIÓN NACIONAL,1079,1042,215.5,0.19972196478220575
0700028,BRICEÑO,CONSERVADOR-SALV NACIONAL,121,PARTIDO CONSERVADOR - MOVIMIENTO SALVACIÓN NACIONAL,233,220,39.0,0.16738197424892703
0700052,COPER,CR-NUEVO LIBERALISMO,122,CR-NUEVO LIBERALISMO,32,28,244.0,7.625
0700215,QUIPAMA,CR-NUEVO LIBERALISMO,122,CR-NUEVO LIBERALISMO,82,75,284.0,3.4634146341463414
0700163,MUZO,CR-NUEVO LIBERALISMO,122,CR-NUEVO LIBERALISMO,55,51,187.0,3.4
0700334,UMBITA,CR-NUEVO LIBERALISMO,122,CR-NUEVO LIBERALISMO,100,95,327.0,3.27
0700064,CHINAVITA,CR-NUEVO LIBERALISMO,122,CR-NUEVO LIBERALISMO,34,32,103.0,3.0294117647058822
0700238,SAN JOSE DE PARE,CR-NUEVO LIBERALISMO,122,CR-NUEVO LIBERALISMO,60,56,175.0,2.9166666666666665
0700043,CERINZA,CR-NUEVO LIBERALISMO,122,CR-NUEVO LIBERALISMO,34,33,82.0,2.411764705882353
0700178,PACHAVITA,CR-NUEVO LIBERALISMO,122,CR-NUEVO LIBERALISMO,35,33,83.0,2.3714285714285714
0700250,SANTANA,CR-NUEVO LIBERALISMO,122,CR-NUEVO LIBERALISMO,132,124,290.0,2.196969696969697
0700247,SAN MATEO,CR-NUEVO LIBERALISMO,122,CR-NUEVO LIBERALISMO,114,111,229.0,2.008771929824561
0700310,TINJACA,CR-NUEVO LIBERALISMO,122,CR-NUEVO LIBERALISMO,33,32,66.0,2.0
0700076,CHITARAQUE,CR-NUEVO LIBERALISMO,122,CR-NUEVO LIBERALISMO,100,93,194.0,1.94
0700283,SOTAQUIRA,CR-NUEVO LIBERALISMO,122,CR-NUEVO LIBERALISMO,72,66,136.0,1.8888888888888888
0700262,SATIVASUR,CR-NUEVO LIBERALISMO,122,CR-NUEVO LIBERALISMO,6,6,11.0,1.8333333333333333
0700328,TUTA,CR-NUEVO LIBERALISMO,122,CR-NUEVO LIBERALISMO,79,75,129.0,1.6329113924050633
0700137,LA VICTORIA,CR-NUEVO LIBERALISMO,122,CR-NUEVO LIBERALISMO,32,32,51.0,1.59375
0700253,SANTA ROSA DE VITERBO,CR-NUEVO LIBERALISMO,122,CR-NUEVO LIBERALISMO,174,163,263.0,1.5114942528735633
0700190,PAUNA,CR-NUEVO LIBERALISMO,122,CR-NUEVO LIBERALISMO,206,198,293.0,1.4223300970873787
0700025,BOYACA,CR-NUEVO LIBERALISMO,122,CR-NUEVO LIBERALISMO,141,135,198.0,1.4042553191489362
0700148,MARIPI,CR-NUEVO LIBERALISMO,122,CR-NUEVO LIBERALISMO,63,60,88.0,1.3968253968253967
0700176,OTANCHE,CR-NUEVO LIBERALISMO,122,CR-NUEVO LIBERALISMO,237,232,323.0,1.3628691983122363
0700251,SANTA MARIA,CR-NUEVO LIBERALISMO,122,CR-NUEVO LIBERALISMO,48,47,64.0,1.3333333333333333
0700324,TUNUNGUA,CR-NUEVO LIBERALISMO,122,CR-NUEVO LIBERALISMO,127,122,160.0,1.2598425196850394
0700173,OICATA,CR-NUEVO LIBERALISMO,122,CR-NUEVO LIBERALISMO,53,50,66.0,1.2452830188679245
0700289,SUTAMARCHAN,CR-NUEVO LIBERALISMO,122,CR-NUEVO LIBERALISMO,66,64,82.0,1.2424242424242424
0700307,TIBASOSA,CR-NUEVO LIBERALISMO,122,CR-NUEVO LIBERALISMO,263,250,309.0,1.1749049429657794
0700166,NOBSA,CR-NUEVO LIBERALISMO,122,CR-NUEVO LIBERALISMO,540,519,634.0,1.174074074074074
0700058,COVARACHIA,CR-NUEVO LIBERALISMO,122,CR-NUEVO LIBERALISMO,46,45,54.0,1.173913043478261
0700322,TOTA,CR-NUEVO LIBERALISMO,122,CR-NUEVO LIBERALISMO,46,43,53.0,1.1521739130434783
0700100,GARAGOA,CR-NUEVO LIBERALISMO,122,CR-NUEVO LIBERALISMO,447,427,496.0,1.109619686800895
0700007,ALMEIDA,CR-NUEVO LIBERALISMO,122,CR-NUEVO LIBERALISMO,93,87,102.0,1.096774193548387
0700181,PAIPA,CR-NUEVO LIBERALISMO,122,CR-NUEVO LIBERALISMO,466,439,510.0,1.094420600858369
0700078,CHIVOR,CR-NUEVO LIBERALISMO,122,CR-NUEVO LIBERALISMO,70,68,76.0,1.0857142857142856
0700184,PAJARITO,CR-NUEVO LIBERALISMO,122,CR-NUEVO LIBERALISMO,70,63,73.0,1.042857142857143
0700031,BUENAVISTA,CR-NUEVO LIBERALISMO,122,CR-NUEVO LIBERALISMO,190,181,196.0,1.0315789473684212
0700249,SAN PABLO DE BORBUR,CR-NUEVO LIBERALISMO,122,CR-NUEVO LIBERALISMO,145,143,149.0,1.0275862068965518
0700068,CHIQUIZA,CR-NUEVO LIBERALISMO,122,CR-NUEVO LIBERALISMO,314,301,318.0,1.0127388535031847
0700109,GUAYATA,CR-NUEVO LIBERALISMO,122,CR-NUEVO LIBERALISMO,110,108,111.0,1.009090909090909
0700337,VENTAQUEMADA,CR-NUEVO LIBERALISMO,122,CR-NUEVO LIBERALISMO,318,310,320.0,1.0062893081761006
0700091,FLORESTA,CR-NUEVO LIBERALISMO,122,CR-NUEVO LIBERALISMO,155,154,154.0,0.9935483870967742
0700304,TIBANA,CR-NUEVO LIBERALISMO,122,CR-NUEVO LIBERALISMO,163,155,161.0,0.9877300613496932
0700079,DUITAMA,CR-NUEVO LIBERALISMO,122,CR-NUEVO LIBERALISMO,2640,2466,2566.0,0.9719696969696969
0700265,SIACHOQUE,CR-NUEVO LIBERALISMO,122,CR-NUEVO LIBERALISMO,97,87,94.0,0.9690721649484536
0700268,SOATA,CR-NUEVO LIBERALISMO,122,CR-NUEVO LIBERALISMO,265,250,255.0,0.9622641509433962
0700157,MONGUI,CR-NUEVO LIBERALISMO,122,CR-NUEVO LIBERALISMO,137,135,131.0,0.9562043795620438
0700248,SAN MIGUEL DE SEMA,CR-NUEVO LIBERALISMO,122,CR-NUEVO LIBERALISMO,45,43,41.0,0.9111111111111111
0700037,CALDAS,CR-NUEVO LIBERALISMO,122,CR-NUEVO LIBERALISMO,100,98,91.0,0.91
0700070,CHISCAS,CR-NUEVO LIBERALISMO,122,CR-NUEVO LIBERALISMO,96,90,85.0,0.8854166666666666
0700121,JENESANO,CR-NUEVO LIBERALISMO,122,CR-NUEVO LIBERALISMO,97,94,85.0,0.8762886597938144
0700274,SOCHA,CR-NUEVO LIBERALISMO,122,CR-NUEVO LIBERALISMO,127,120,111.0,0.8740157480314961
0700061,CUITIVA,CR-NUEVO LIBERALISMO,122,CR-NUEVO LIBERALISMO,107,99,93.0,0.8691588785046729
0700028,BRICEÑO,CR-NUEVO LIBERALISMO,122,CR-NUEVO LIBERALISMO,65,61,56.0,0.8615384615384616
0700235,SAMACA,CR-NUEVO LIBERALISMO,122,CR-NUEVO LIBERALISMO,159,149,133.0,0.8364779874213837
0700059,CUBARA,CR-NUEVO LIBERALISMO,122,CR-NUEVO LIBERALISMO,46,46,38.0,0.8260869565217391
0700046,CIENEGA,CR-NUEVO LIBERALISMO,122,CR-NUEVO LIBERALISMO,145,144,119.0,0.8206896551724138
0700226,SABOYA,CR-NUEVO LIBERALISMO,122,CR-NUEVO LIBERALISMO,376,342,306.0,0.8138297872340425
0700127,LABRANZAGRANDE,CR-NUEVO LIBERALISMO,122,CR-NUEVO LIBERALISMO,52,51,40.0,0.7692307692307693
0700067,CHIQUINQUIRA,CR-NUEVO LIBERALISMO,122,CR-NUEVO LIBERALISMO,1943,1872,1494.0,0.7689140504374679
0700013,BELEN,CR-NUEVO LIBERALISMO,122,CR-NUEVO LIBERALISMO,392,379,290.0,0.7397959183673469
0700160,MONIQUIRA,CR-NUEVO LIBERALISMO,122,CR-NUEVO LIBERALISMO,397,374,292.0,0.7355163727959698
0700256,SANTA SOFIA,CR-NUEVO LIBERALISMO,122,CR-NUEVO LIBERALISMO,33,31,23.0,0.696969696969697
0700130,LA CAPILLA,CR-NUEVO LIBERALISMO,122,CR-NUEVO LIBERALISMO,104,101,72.0,0.6923076923076923
0700106,GUATEQUE,CR-NUEVO LIBERALISMO,122,CR-NUEVO LIBERALISMO,853,829,587.0,0.6881594372801876
0700142,MACANAL,CR-NUEVO LIBERALISMO,122,CR-NUEVO LIBERALISMO,232,210,157.0,0.6767241379310345
0700118,IZA,CR-NUEVO LIBERALISMO,122,CR-NUEVO LIBERALISMO,80,80,54.0,0.675
0700220,RAQUIRA,CR-NUEVO LIBERALISMO,122,CR-NUEVO LIBERALISMO,189,179,127.0,0.671957671957672
0700034,BUSBANZA,CR-NUEVO LIBERALISMO,122,CR-NUEVO LIBERALISMO,24,23,16.0,0.6666666666666666
0700055,CORRALES,CR-NUEVO LIBERALISMO,122,CR-NUEVO LIBERALISMO,161,159,103.0,0.639751552795031
0700139,VILLA DE LEIVA,CR-NUEVO LIBERALISMO,122,CR-NUEVO LIBERALISMO,406,382,256.0,0.6305418719211823
0700281,SORA,CR-NUEVO LIBERALISMO,122,CR-NUEVO LIBERALISMO,112,109,69.0,0.6160714285714286
0700088,FIRAVITOBA,CR-NUEVO LIBERALISMO,122,CR-NUEVO LIBERALISMO,207,204,126.0,0.6086956521739131
0700241,SAN LUIS DE GACENO,CR-NUEVO LIBERALISMO,122,CR-NUEVO LIBERALISMO,217,212,132.0,0.6082949308755761
0700214,PUERTO BOYACA,CR-NUEVO LIBERALISMO,122,CR-NUEVO LIBERALISMO,1169,1114,705.0,0.6030795551753636
0700008,AQUITANIA (PUEBLOVIEJO),CR-NUEVO LIBERALISMO,122,CR-NUEVO LIBERALISMO,213,188,128.0,0.6009389671361502
0700019,BETEITIVA,CR-NUEVO LIBERALISMO,122,CR-NUEVO LIBERALISMO,93,88,55.0,0.5913978494623656
0700022,BOAVITA,CR-NUEVO LIBERALISMO,122,CR-NUEVO LIBERALISMO,113,110,66.0,0.584070796460177
0700010,ARCABUCO,CR-NUEVO LIBERALISMO,122,CR-NUEVO LIBERALISMO,410,404,237.0,0.5780487804878048
0700340,VIRACACHA,CR-NUEVO LIBERALISMO,122,CR-NUEVO LIBERALISMO,59,58,34.0,0.576271186440678
0700313,TOCA,CR-NUEVO LIBERALISMO,122,CR-NUEVO LIBERALISMO,176,171,101.0,0.5738636363636364
0700232,SACHICA,CR-NUEVO LIBERALISMO,122,CR-NUEVO LIBERALISMO,96,92,55.0,0.5729166666666666
0700077,CHIVATA,CR-NUEVO LIBERALISMO,122,CR-NUEVO LIBERALISMO,80,77,45.0,0.5625
0700286,SUSACON,CR-NUEVO LIBERALISMO,122,CR-NUEVO LIBERALISMO,767,756,430.0,0.560625814863103
0700112,GUICAN,CR-NUEVO LIBERALISMO,122,CR-NUEVO LIBERALISMO,74,71,40.0,0.5405405405405406
0700319,TOPAGA,CR-NUEVO LIBERALISMO,122,CR-NUEVO LIBERALISMO,192,188,100.0,0.5208333333333334
0700217,RAMIRIQUI,CR-NUEVO LIBERALISMO,122,CR-NUEVO LIBERALISMO,733,722,374.0,0.5102319236016372
0700001,TUNJA,CR-NUEVO LIBERALISMO,122,CR-NUEVO LIBERALISMO,6708,6440,3412.0,0.5086463923673226
0700097,GAMEZA,CR-NUEVO LIBERALISMO,122,CR-NUEVO LIBERALISMO,152,144,76.0,0.5
0700124,JERICO,CR-NUEVO LIBERALISMO,122,CR-NUEVO LIBERALISMO,40,38,20.0,0.5
0700277,SOGAMOSO,CR-NUEVO LIBERALISMO,122,CR-NUEVO LIBERALISMO,4403,4174,2061.0,0.46808993867817394
0700259,SATIVANORTE,CR-NUEVO LIBERALISMO,122,CR-NUEVO LIBERALISMO,101,99,47.0,0.46534653465346537
0700161,MOTAVITA,CR-NUEVO LIBERALISMO,122,CR-NUEVO LIBERALISMO,202,196,90.0,0.44554455445544555
0700073,CHITA,CR-NUEVO LIBERALISMO,122,CR-NUEVO LIBERALISMO,86,85,36.0,0.4186046511627907
0700271,SOCOTA,CR-NUEVO LIBERALISMO,122,CR-NUEVO LIBERALISMO,110,104,46.0,0.41818181818181815
0700085,EL ESPINO,CR-NUEVO LIBERALISMO,122,CR-NUEVO LIBERALISMO,79,77,33.0,0.4177215189873418
0700301,TENZA,CR-NUEVO LIBERALISMO,122,CR-NUEVO LIBERALISMO,162,161,66.0,0.4074074074074074
0700154,MONGUA,CR-NUEVO LIBERALISMO,122,CR-NUEVO LIBERALISMO,206,199,82.0,0.39805825242718446
0700325,TURMEQUE,CR-NUEVO LIBERALISMO,122,CR-NUEVO LIBERALISMO,130,120,50.0,0.38461538461538464
0700282,SORACA,CR-NUEVO LIBERALISMO,122,CR-NUEVO LIBERALISMO,307,290,118.0,0.38436482084690554
0700049,COMBITA,CR-NUEVO LIBERALISMO,122,CR-NUEVO LIBERALISMO,347,343,133.0,0.38328530259365995
0700094,GACHANTIVA,CR-NUEVO LIBERALISMO,122,CR-NUEVO LIBERALISMO,91,86,33.0,0.3626373626373626
0700280,SOMONDOCO,CR-NUEVO LIBERALISMO,122,CR-NUEVO LIBERALISMO,224,199,81.0,0.36160714285714285
0700298,TASCO,CR-NUEVO LIBERALISMO,122,CR-NUEVO LIBERALISMO,172,167,60.0,0.3488372093023256
0700082,EL COCUY,CR-NUEVO LIBERALISMO,122,CR-NUEVO LIBERALISMO,46,42,16.0,0.34782608695652173
0700205,PISBA,CR-NUEVO LIBERALISMO,122,CR-NUEVO LIBERALISMO,24,24,8.0,0.3333333333333333
0700199,PAZ DE RIO,CR-NUEVO LIBERALISMO,122,CR-NUEVO LIBERALISMO,147,139,48.0,0.32653061224489793
0700103,GUACAMAYAS,CR-NUEVO LIBERALISMO,122,CR-NUEVO LIBERALISMO,61,59,19.0,0.3114754098360656
0700316,TOGUI,CR-NUEVO LIBERALISMO,122,CR-NUEVO LIBERALISMO,217,210,61.0,0.28110599078341014
0700060,CUCAITA,CR-NUEVO LIBERALISMO,122,CR-NUEVO LIBERALISMO,58,56,16.0,0.27586206896551724
0700040,CAMPOHERMOSO,CR-NUEVO LIBERALISMO,122,CR-NUEVO LIBERALISMO,237,233,65.0,0.2742616033755274
0700311,TIPACOQUE,CR-NUEVO LIBERALISMO,122,CR-NUEVO LIBERALISMO,238,233,64.0,0.2689075630252101
0700136,LA UVITA,CR-NUEVO LIBERALISMO,122,CR-NUEVO LIBERALISMO,104,103,27.0,0.25961538461538464
0700331,TUTAZA,CR-NUEVO LIBERALISMO,122,CR-NUEVO LIBERALISMO,149,145,37.0,0.2483221476510067
0700292,SUTATENZA,CR-NUEVO LIBERALISMO,122,CR-NUEVO LIBERALISMO,531,523,130.0,0.2448210922787194
0700169,NUEVO COLON,CR-NUEVO LIBERALISMO,122,CR-NUEVO LIBERALISMO,308,300,69.0,0.22402597402597402
0700223,RONDON,CR-NUEVO LIBERALISMO,122,CR-NUEVO LIBERALISMO,355,347,78.0,0.21971830985915494
0700187,PANQUEBA,CR-NUEVO LIBERALISMO,122,CR-NUEVO LIBERALISMO,59,57,12.0,0.2033898305084746
0700179,PAEZ,CR-NUEVO LIBERALISMO,122,CR-NUEVO LIBERALISMO,339,326,63.0,0.18584070796460178
0700016,BERBEO,CR-NUEVO LIBERALISMO,122,CR-NUEVO LIBERALISMO,271,260,47.0,0.17343173431734318
0700151,MIRAFLORES,CR-NUEVO LIBERALISMO,122,CR-NUEVO LIBERALISMO,1438,1391,242.0,0.16828929068150209
0700202,PESCA,CR-NUEVO LIBERALISMO,122,CR-NUEVO LIBERALISMO,771,758,113.0,0.14656290531776914
0700193,PAYA,CR-NUEVO LIBERALISMO,122,CR-NUEVO LIBERALISMO,29,28,4.0,0.13793103448275862
0700346,ZETAQUIRA,CR-NUEVO LIBERALISMO,122,CR-NUEVO LIBERALISMO,878,853,116.0,0.13211845102505695
0700237,SAN EDUARDO,CR-NUEVO LIBERALISMO,122,CR-NUEVO LIBERALISMO,242,236,18.0,0.0743801652892562
0700237,SAN EDUARDO,PARTIDO DE LA U,120,PARTIDO DE LA U - PARTIDO MIRA,7,7,162.0,23.142857142857142
0700043,CERINZA,PARTIDO DE LA U,120,PARTIDO DE LA U - PARTIDO MIRA,21,19,179.0,8.523809523809524
0700205,PISBA,PARTIDO DE LA U,120,PARTIDO DE LA U - PARTIDO MIRA,9,9,20.0,2.2222222222222223
0700103,GUACAMAYAS,PARTIDO DE LA U,120,PARTIDO DE LA U - PARTIDO MIRA,11,8,23.0,2.090909090909091
0700346,ZETAQUIRA,PARTIDO DE LA U,120,PARTIDO DE LA U - PARTIDO MIRA,56,53,104.0,1.8571428571428572
0700217,RAMIRIQUI,PARTIDO DE LA U,120,PARTIDO DE LA U - PARTIDO MIRA,79,75,112.0,1.4177215189873418
0700334,UMBITA,PARTIDO DE LA U,120,PARTIDO DE LA U - PARTIDO MIRA,20,18,26.0,1.3
0700223,RONDON,PARTIDO DE LA U,120,PARTIDO DE LA U - PARTIDO MIRA,38,35,46.0,1.2105263157894737
0700281,SORA,PARTIDO DE LA U,120,PARTIDO DE LA U - PARTIDO MIRA,48,47,53.0,1.1041666666666667
0700331,TUTAZA,PARTIDO DE LA U,120,PARTIDO DE LA U - PARTIDO MIRA,49,49,53.0,1.0816326530612246
0700176,OTANCHE,PARTIDO DE LA U,120,PARTIDO DE LA U - PARTIDO MIRA,201,191,216.0,1.0746268656716418
0700178,PACHAVITA,PARTIDO DE LA U,120,PARTIDO DE LA U - PARTIDO MIRA,10,10,10.0,1.0
0700316,TOGUI,PARTIDO DE LA U,120,PARTIDO DE LA U - PARTIDO MIRA,46,46,45.0,0.9782608695652174
0700249,SAN PABLO DE BORBUR,PARTIDO DE LA U,120,PARTIDO DE LA U - PARTIDO MIRA,116,112,108.0,0.9310344827586207
0700049,COMBITA,PARTIDO DE LA U,120,PARTIDO DE LA U - PARTIDO MIRA,67,67,61.0,0.9104477611940298
0700064,CHINAVITA,PARTIDO DE LA U,120,PARTIDO DE LA U - PARTIDO MIRA,81,81,71.0,0.8765432098765432
0700247,SAN MATEO,PARTIDO DE LA U,120,PARTIDO DE LA U - PARTIDO MIRA,72,72,63.0,0.875
0700077,CHIVATA,PARTIDO DE LA U,120,PARTIDO DE LA U - PARTIDO MIRA,50,49,43.0,0.86
0700313,TOCA,PARTIDO DE LA U,120,PARTIDO DE LA U - PARTIDO MIRA,64,62,55.0,0.859375
0700091,FLORESTA,PARTIDO DE LA U,120,PARTIDO DE LA U - PARTIDO MIRA,13,13,11.0,0.8461538461538461
0700215,QUIPAMA,PARTIDO DE LA U,120,PARTIDO DE LA U - PARTIDO MIRA,96,88,80.0,0.8333333333333334
0700328,TUTA,PARTIDO DE LA U,120,PARTIDO DE LA U - PARTIDO MIRA,87,84,72.0,0.8275862068965517
0700082,EL COCUY,PARTIDO DE LA U,120,PARTIDO DE LA U - PARTIDO MIRA,15,15,12.0,0.8
0700241,SAN LUIS DE GACENO,PARTIDO DE LA U,120,PARTIDO DE LA U - PARTIDO MIRA,10,10,8.0,0.8
0700076,CHITARAQUE,PARTIDO DE LA U,120,PARTIDO DE LA U - PARTIDO MIRA,49,47,39.0,0.7959183673469388
0700136,LA UVITA,PARTIDO DE LA U,120,PARTIDO DE LA U - PARTIDO MIRA,29,28,23.0,0.7931034482758621
0700289,SUTAMARCHAN,PARTIDO DE LA U,120,PARTIDO DE LA U - PARTIDO MIRA,111,109,85.0,0.7657657657657657
0700286,SUSACON,PARTIDO DE LA U,120,PARTIDO DE LA U - PARTIDO MIRA,9,8,6.0,0.6666666666666666
0700070,CHISCAS,PARTIDO DE LA U,120,PARTIDO DE LA U - PARTIDO MIRA,43,43,28.0,0.6511627906976745
0700173,OICATA,PARTIDO DE LA U,120,PARTIDO DE LA U - PARTIDO MIRA,67,66,43.0,0.6417910447761194
0700163,MUZO,PARTIDO DE LA U,120,PARTIDO DE LA U - PARTIDO MIRA,120,114,76.0,0.6333333333333333
0700238,SAN JOSE DE PARE,PARTIDO DE LA U,120,PARTIDO DE LA U - PARTIDO MIRA,121,118,75.0,0.6198347107438017
0700265,SIACHOQUE,PARTIDO DE LA U,120,PARTIDO DE LA U - PARTIDO MIRA,77,73,47.0,0.6103896103896104
0700059,CUBARA,PARTIDO DE LA U,120,PARTIDO DE LA U - PARTIDO MIRA,50,48,30.0,0.6
0700127,LABRANZAGRANDE,PARTIDO DE LA U,120,PARTIDO DE LA U - PARTIDO MIRA,5,5,3.0,0.6
0700187,PANQUEBA,PARTIDO DE LA U,120,PARTIDO DE LA U - PARTIDO MIRA,17,16,10.0,0.5882352941176471
0700283,SOTAQUIRA,PARTIDO DE LA U,120,PARTIDO DE LA U - PARTIDO MIRA,34,31,20.0,0.5882352941176471
0700324,TUNUNGUA,PARTIDO DE LA U,120,PARTIDO DE LA U - PARTIDO MIRA,12,10,7.0,0.5833333333333334
0700078,CHIVOR,PARTIDO DE LA U,120,PARTIDO DE LA U - PARTIDO MIRA,7,7,4.0,0.5714285714285714
0700181,PAIPA,PARTIDO DE LA U,120,PARTIDO DE LA U - PARTIDO MIRA,467,450,251.0,0.5374732334047109
0700253,SANTA ROSA DE VITERBO,PARTIDO DE LA U,120,PARTIDO DE LA U - PARTIDO MIRA,162,156,86.0,0.5308641975308642
0700046,CIENEGA,PARTIDO DE LA U,120,PARTIDO DE LA U - PARTIDO MIRA,21,20,11.0,0.5238095238095238
0700013,BELEN,PARTIDO DE LA U,120,PARTIDO DE LA U - PARTIDO MIRA,95,91,48.0,0.5052631578947369
0700214,PUERTO BOYACA,PARTIDO DE LA U,120,PARTIDO DE LA U - PARTIDO MIRA,1063,1005,535.0,0.5032925682031985
0700251,SANTA MARIA,PARTIDO DE LA U,120,PARTIDO DE LA U - PARTIDO MIRA,8,7,4.0,0.5
0700118,IZA,PARTIDO DE LA U,120,PARTIDO DE LA U - PARTIDO MIRA,150,148,73.0,0.4866666666666667
0700142,MACANAL,PARTIDO DE LA U,120,PARTIDO DE LA U - PARTIDO MIRA,99,86,48.0,0.48484848484848486
0700148,MARIPI,PARTIDO DE LA U,120,PARTIDO DE LA U - PARTIDO MIRA,36,35,17.0,0.4722222222222222
0700232,SACHICA,PARTIDO DE LA U,120,PARTIDO DE LA U - PARTIDO MIRA,663,645,312.0,0.47058823529411764
0700268,SOATA,PARTIDO DE LA U,120,PARTIDO DE LA U - PARTIDO MIRA,434,430,203.0,0.46774193548387094
0700007,ALMEIDA,PARTIDO DE LA U,120,PARTIDO DE LA U - PARTIDO MIRA,35,32,16.0,0.45714285714285713
0700151,MIRAFLORES,PARTIDO DE LA U,120,PARTIDO DE LA U - PARTIDO MIRA,277,271,125.0,0.45126353790613716
0700088,FIRAVITOBA,PARTIDO DE LA U,120,PARTIDO DE LA U - PARTIDO MIRA,185,175,83.0,0.4486486486486487
0700319,TOPAGA,PARTIDO DE LA U,120,PARTIDO DE LA U - PARTIDO MIRA,83,82,37.0,0.4457831325301205
0700010,ARCABUCO,PARTIDO DE LA U,120,PARTIDO DE LA U - PARTIDO MIRA,54,53,24.0,0.4444444444444444
0700157,MONGUI,PARTIDO DE LA U,120,PARTIDO DE LA U - PARTIDO MIRA,68,67,30.0,0.4411764705882353
0700226,SABOYA,PARTIDO DE LA U,120,PARTIDO DE LA U - PARTIDO MIRA,233,219,98.0,0.4206008583690987
0700169,NUEVO COLON,PARTIDO DE LA U,120,PARTIDO DE LA U - PARTIDO MIRA,136,134,57.0,0.41911764705882354
0700040,CAMPOHERMOSO,PARTIDO DE LA U,120,PARTIDO DE LA U - PARTIDO MIRA,54,54,22.0,0.4074074074074074
0700025,BOYACA,PARTIDO DE LA U,120,PARTIDO DE LA U - PARTIDO MIRA,30,30,12.0,0.4
0700337,VENTAQUEMADA,PARTIDO DE LA U,120,PARTIDO DE LA U - PARTIDO MIRA,252,247,100.0,0.3968253968253968
0700094,GACHANTIVA,PARTIDO DE LA U,120,PARTIDO DE LA U - PARTIDO MIRA,23,23,9.0,0.391304347826087
0700085,EL ESPINO,PARTIDO DE LA U,120,PARTIDO DE LA U - PARTIDO MIRA,49,49,19.0,0.3877551020408163
0700028,BRICEÑO,PARTIDO DE LA U,120,PARTIDO DE LA U - PARTIDO MIRA,31,30,12.0,0.3870967741935484
0700022,BOAVITA,PARTIDO DE LA U,120,PARTIDO DE LA U - PARTIDO MIRA,88,84,34.0,0.38636363636363635
0700068,CHIQUIZA,PARTIDO DE LA U,120,PARTIDO DE LA U - PARTIDO MIRA,105,103,40.0,0.38095238095238093
0700311,TIPACOQUE,PARTIDO DE LA U,120,PARTIDO DE LA U - PARTIDO MIRA,95,93,36.0,0.37894736842105264
0700322,TOTA,PARTIDO DE LA U,120,PARTIDO DE LA U - PARTIDO MIRA,1173,1151,439.0,0.3742540494458653
0700139,VILLA DE LEIVA,PARTIDO DE LA U,120,PARTIDO DE LA U - PARTIDO MIRA,281,270,105.0,0.3736654804270463
0700280,SOMONDOCO,PARTIDO DE LA U,120,PARTIDO DE LA U - PARTIDO MIRA,156,131,57.0,0.36538461538461536
0700161,MOTAVITA,PARTIDO DE LA U,120,PARTIDO DE LA U - PARTIDO MIRA,66,66,24.0,0.36363636363636365
0700016,BERBEO,PARTIDO DE LA U,120,PARTIDO DE LA U - PARTIDO MIRA,42,40,15.0,0.35714285714285715
0700282,SORACA,PARTIDO DE LA U,120,PARTIDO DE LA U - PARTIDO MIRA,119,118,42.0,0.35294117647058826
0700304,TIBANA,PARTIDO DE LA U,120,PARTIDO DE LA U - PARTIDO MIRA,91,86,32.0,0.3516483516483517
0700001,TUNJA,PARTIDO DE LA U,120,PARTIDO DE LA U - PARTIDO MIRA,3750,3645,1287.0,0.3432
0700190,PAUNA,PARTIDO DE LA U,120,PARTIDO DE LA U - PARTIDO MIRA,126,120,43.0,0.3412698412698413
0700179,PAEZ,PARTIDO DE LA U,120,PARTIDO DE LA U - PARTIDO MIRA,120,116,39.0,0.325
0700160,MONIQUIRA,PARTIDO DE LA U,120,PARTIDO DE LA U - PARTIDO MIRA,593,565,192.0,0.32377740303541314
0700067,CHIQUINQUIRA,PARTIDO DE LA U,120,PARTIDO DE LA U - PARTIDO MIRA,1075,1024,341.0,0.3172093023255814
0700310,TINJACA,PARTIDO DE LA U,120,PARTIDO DE LA U - PARTIDO MIRA,42,41,13.0,0.30952380952380953
0700073,CHITA,PARTIDO DE LA U,120,PARTIDO DE LA U - PARTIDO MIRA,118,115,36.0,0.3050847457627119
0700307,TIBASOSA,PARTIDO DE LA U,120,PARTIDO DE LA U - PARTIDO MIRA,175,170,53.0,0.3028571428571429
0700202,PESCA,PARTIDO DE LA U,120,PARTIDO DE LA U - PARTIDO MIRA,199,198,60.0,0.3015075376884422
0700121,JENESANO,PARTIDO DE LA U,120,PARTIDO DE LA U - PARTIDO MIRA,154,153,46.0,0.2987012987012987
0700055,CORRALES,PARTIDO DE LA U,120,PARTIDO DE LA U - PARTIDO MIRA,27,27,8.0,0.2962962962962963
0700079,DUITAMA,PARTIDO DE LA U,120,PARTIDO DE LA U - PARTIDO MIRA,2379,2288,679.0,0.2854140395124002
0700301,TENZA,PARTIDO DE LA U,120,PARTIDO DE LA U - PARTIDO MIRA,39,39,11.0,0.28205128205128205
0700060,CUCAITA,PARTIDO DE LA U,120,PARTIDO DE LA U - PARTIDO MIRA,167,166,47.0,0.281437125748503
0700037,CALDAS,PARTIDO DE LA U,120,PARTIDO DE LA U - PARTIDO MIRA,96,95,27.0,0.28125
0700193,PAYA,PARTIDO DE LA U,120,PARTIDO DE LA U - PARTIDO MIRA,11,11,3.0,0.2727272727272727
0700259,SATIVANORTE,PARTIDO DE LA U,120,PARTIDO DE LA U - PARTIDO MIRA,110,109,30.0,0.2727272727272727
0700250,SANTANA,PARTIDO DE LA U,120,PARTIDO DE LA U - PARTIDO MIRA,64,59,17.0,0.265625
0700340,VIRACACHA,PARTIDO DE LA U,120,PARTIDO DE LA U - PARTIDO MIRA,19,18,5.0,0.2631578947368421
0700061,CUITIVA,PARTIDO DE LA U,120,PARTIDO DE LA U - PARTIDO MIRA,159,156,40.0,0.25157232704402516
0700166,NOBSA,PARTIDO DE LA U,120,PARTIDO DE LA U - PARTIDO MIRA,279,260,69.0,0.24731182795698925
0700256,SANTA SOFIA,PARTIDO DE LA U,120,PARTIDO DE LA U - PARTIDO MIRA,118,117,27.0,0.2288135593220339
0700262,SATIVASUR,PARTIDO DE LA U,120,PARTIDO DE LA U - PARTIDO MIRA,22,22,5.0,0.22727272727272727
0700292,SUTATENZA,PARTIDO DE LA U,120,PARTIDO DE LA U - PARTIDO MIRA,44,42,10.0,0.22727272727272727
0700109,GUAYATA,PARTIDO DE LA U,120,PARTIDO DE LA U - PARTIDO MIRA,49,45,11.0,0.22448979591836735
0700008,AQUITANIA (PUEBLOVIEJO),PARTIDO DE LA U,120,PARTIDO DE LA U - PARTIDO MIRA,1179,1113,261.0,0.22137404580152673
0700199,PAZ DE RIO,PARTIDO DE LA U,120,PARTIDO DE LA U - PARTIDO MIRA,186,183,41.0,0.22043010752688172
0700124,JERICO,PARTIDO DE LA U,120,PARTIDO DE LA U - PARTIDO MIRA,135,134,29.0,0.21481481481481482
0700235,SAMACA,PARTIDO DE LA U,120,PARTIDO DE LA U - PARTIDO MIRA,4602,4554,976.0,0.21208170360712733
0700058,COVARACHIA,PARTIDO DE LA U,120,PARTIDO DE LA U - PARTIDO MIRA,367,359,75.0,0.20435967302452315
0700271,SOCOTA,PARTIDO DE LA U,120,PARTIDO DE LA U - PARTIDO MIRA,617,568,125.0,0.2025931928687196
0700031,BUENAVISTA,PARTIDO DE LA U,120,PARTIDO DE LA U - PARTIDO MIRA,214,205,42.0,0.19626168224299065
0700277,SOGAMOSO,PARTIDO DE LA U,120,PARTIDO DE LA U - PARTIDO MIRA,5019,4779,975.0,0.19426180514046623
0700130,LA CAPILLA,PARTIDO DE LA U,120,PARTIDO DE LA U - PARTIDO MIRA,52,52,10.0,0.19230769230769232
0700100,GARAGOA,PARTIDO DE LA U,120,PARTIDO DE LA U - PARTIDO MIRA,311,291,59.0,0.18971061093247588
0700019,BETEITIVA,PARTIDO DE LA U,120,PARTIDO DE LA U - PARTIDO MIRA,38,37,7.0,0.18421052631578946
0700220,RAQUIRA,PARTIDO DE LA U,120,PARTIDO DE LA U - PARTIDO MIRA,420,408,75.0,0.17857142857142858
0700137,LA VICTORIA,PARTIDO DE LA U,120,PARTIDO DE LA U - PARTIDO MIRA,18,18,3.0,0.16666666666666666
0700052,COPER,PARTIDO DE LA U,120,PARTIDO DE LA U - PARTIDO MIRA,26,24,4.0,0.15384615384615385
0700106,GUATEQUE,PARTIDO DE LA U,120,PARTIDO DE LA U - PARTIDO MIRA,234,229,33.0,0.14102564102564102
0700154,MONGUA,PARTIDO DE LA U,120,PARTIDO DE LA U - PARTIDO MIRA,192,188,27.0,0.140625
0700097,GAMEZA,PARTIDO DE LA U,120,PARTIDO DE LA U - PARTIDO MIRA,165,163,23.0,0.1393939393939394
0700248,SAN MIGUEL DE SEMA,PARTIDO DE LA U,120,PARTIDO DE LA U - PARTIDO MIRA,45,40,6.0,0.13333333333333333
0700112,GUICAN,PARTIDO DE LA U,120,PARTIDO DE LA U - PARTIDO MIRA,32,32,4.0,0.125
0700184,PAJARITO,PARTIDO DE LA U,120,PARTIDO DE LA U - PARTIDO MIRA,67,67,8.0,0.11940298507462686
0700298,TASCO,PARTIDO DE LA U,120,PARTIDO DE LA U - PARTIDO MIRA,280,275,32.0,0.11428571428571428
0700034,BUSBANZA,PARTIDO DE LA U,120,PARTIDO DE LA U - PARTIDO MIRA,20,20,2.0,0.1
0700325,TURMEQUE,PARTIDO DE LA U,120,PARTIDO DE LA U - PARTIDO MIRA,140,132,12.0,0.08571428571428572
0700274,SOCHA,PARTIDO DE LA U,120,PARTIDO DE LA U - PARTIDO MIRA,555,526,41.0,0.07387387387387387
0700142,MACANAL,PARTIDO LIBERAL,2,PARTIDO LIBERAL COLOMBIANO,39,33,242.0,6.205128205128205
0700078,CHIVOR,PARTIDO LIBERAL,2,PARTIDO LIBERAL COLOMBIANO,2,2,12.0,6.0
0700148,MARIPI,PARTIDO LIBERAL,2,PARTIDO LIBERAL COLOMBIANO,60,58,239.0,3.9833333333333334
0700215,QUIPAMA,PARTIDO LIBERAL,2,PARTIDO LIBERAL COLOMBIANO,42,32,162.0,3.857142857142857
0700241,SAN LUIS DE GACENO,PARTIDO LIBERAL,2,PARTIDO LIBERAL COLOMBIANO,14,13,42.0,3.0
0700163,MUZO,PARTIDO LIBERAL,2,PARTIDO LIBERAL COLOMBIANO,73,68,199.0,2.7260273972602738
0700109,GUAYATA,PARTIDO LIBERAL,2,PARTIDO LIBERAL COLOMBIANO,22,19,59.0,2.6818181818181817
0700220,RAQUIRA,PARTIDO LIBERAL,2,PARTIDO LIBERAL COLOMBIANO,91,75,219.0,2.4065934065934065
0700007,ALMEIDA,PARTIDO LIBERAL,2,PARTIDO LIBERAL COLOMBIANO,18,17,34.0,1.8888888888888888
0700301,TENZA,PARTIDO LIBERAL,2,PARTIDO LIBERAL COLOMBIANO,13,11,23.0,1.7692307692307692
0700031,BUENAVISTA,PARTIDO LIBERAL,2,PARTIDO LIBERAL COLOMBIANO,103,96,180.0,1.7475728155339805
0700214,PUERTO BOYACA,PARTIDO LIBERAL,2,PARTIDO LIBERAL COLOMBIANO,332,247,566.0,1.7048192771084338
0700280,SOMONDOCO,PARTIDO LIBERAL,2,PARTIDO LIBERAL COLOMBIANO,33,23,52.0,1.5757575757575757
0700130,LA CAPILLA,PARTIDO LIBERAL,2,PARTIDO LIBERAL COLOMBIANO,21,18,32.0,1.5238095238095237
0700292,SUTATENZA,PARTIDO LIBERAL,2,PARTIDO LIBERAL COLOMBIANO,28,24,42.0,1.5
0700223,RONDON,PARTIDO LIBERAL,2,PARTIDO LIBERAL COLOMBIANO,34,33,46.0,1.3529411764705883
0700334,UMBITA,PARTIDO LIBERAL,2,PARTIDO LIBERAL COLOMBIANO,75,73,99.0,1.32
0700034,BUSBANZA,PARTIDO LIBERAL,2,PARTIDO LIBERAL COLOMBIANO,34,33,43.0,1.2647058823529411
0700160,MONIQUIRA,PARTIDO LIBERAL,2,PARTIDO LIBERAL COLOMBIANO,865,809,1092.0,1.26242774566474
0700249,SAN PABLO DE BORBUR,PARTIDO LIBERAL,2,PARTIDO LIBERAL COLOMBIANO,293,281,365.0,1.2457337883959045
0700067,CHIQUINQUIRA,PARTIDO LIBERAL,2,PARTIDO LIBERAL COLOMBIANO,1567,1486,1927.0,1.2297383535417996
0700179,PAEZ,PARTIDO LIBERAL,2,PARTIDO LIBERAL COLOMBIANO,29,28,34.0,1.1724137931034482
0700176,OTANCHE,PARTIDO LIBERAL,2,PARTIDO LIBERAL COLOMBIANO,263,255,305.0,1.1596958174904943
0700100,GARAGOA,PARTIDO LIBERAL,2,PARTIDO LIBERAL COLOMBIANO,187,179,215.0,1.1497326203208555
0700037,CALDAS,PARTIDO LIBERAL,2,PARTIDO LIBERAL COLOMBIANO,385,365,442.0,1.148051948051948
0700310,TINJACA,PARTIDO LIBERAL,2,PARTIDO LIBERAL COLOMBIANO,103,97,114.0,1.1067961165048543
0700316,TOGUI,PARTIDO LIBERAL,2,PARTIDO LIBERAL COLOMBIANO,196,170,213.0,1.086734693877551
0700137,LA VICTORIA,PARTIDO LIBERAL,2,PARTIDO LIBERAL COLOMBIANO,86,83,89.0,1.0348837209302326
0700202,PESCA,PARTIDO LIBERAL,2,PARTIDO LIBERAL COLOMBIANO,276,271,285.0,1.0326086956521738
0700091,FLORESTA,PARTIDO LIBERAL,2,PARTIDO LIBERAL COLOMBIANO,65,64,66.0,1.0153846153846153
0700077,CHIVATA,PARTIDO LIBERAL,2,PARTIDO LIBERAL COLOMBIANO,105,100,102.0,0.9714285714285714
0700151,MIRAFLORES,PARTIDO LIBERAL,2,PARTIDO LIBERAL COLOMBIANO,427,407,414.0,0.9695550351288056
0700103,GUACAMAYAS,PARTIDO LIBERAL,2,PARTIDO LIBERAL COLOMBIANO,42,39,40.0,0.9523809523809523
0700304,TIBANA,PARTIDO LIBERAL,2,PARTIDO LIBERAL COLOMBIANO,437,397,407.0,0.931350114416476
0700286,SUSACON,PARTIDO LIBERAL,2,PARTIDO LIBERAL COLOMBIANO,27,25,25.0,0.9259259259259259
0700322,TOTA,PARTIDO LIBERAL,2,PARTIDO LIBERAL COLOMBIANO,174,161,161.0,0.9252873563218391
0700040,CAMPOHERMOSO,PARTIDO LIBERAL,2,PARTIDO LIBERAL COLOMBIANO,11,10,10.0,0.9090909090909091
0700337,VENTAQUEMADA,PARTIDO LIBERAL,2,PARTIDO LIBERAL COLOMBIANO,519,494,470.0,0.905587668593449
0700226,SABOYA,PARTIDO LIBERAL,2,PARTIDO LIBERAL COLOMBIANO,312,284,279.0,0.8942307692307693
0700001,TUNJA,PARTIDO LIBERAL,2,PARTIDO LIBERAL COLOMBIANO,6714,6445,5942.0,0.8850163836759011
0700106,GUATEQUE,PARTIDO LIBERAL,2,PARTIDO LIBERAL COLOMBIANO,363,349,317.0,0.8732782369146006
0700193,PAYA,PARTIDO LIBERAL,2,PARTIDO LIBERAL COLOMBIANO,94,89,82.0,0.8723404255319149
0700248,SAN MIGUEL DE SEMA,PARTIDO LIBERAL,2,PARTIDO LIBERAL COLOMBIANO,292,265,254.0,0.8698630136986302
0700178,PACHAVITA,PARTIDO LIBERAL,2,PARTIDO LIBERAL COLOMBIANO,129,122,110.0,0.8527131782945736
0700247,SAN MATEO,PARTIDO LIBERAL,2,PARTIDO LIBERAL COLOMBIANO,78,76,66.0,0.8461538461538461
0700094,GACHANTIVA,PARTIDO LIBERAL,2,PARTIDO LIBERAL COLOMBIANO,253,237,211.0,0.83399209486166
0700238,SAN JOSE DE PARE,PARTIDO LIBERAL,2,PARTIDO LIBERAL COLOMBIANO,272,256,222.0,0.8161764705882353
0700046,CIENEGA,PARTIDO LIBERAL,2,PARTIDO LIBERAL COLOMBIANO,105,102,81.0,0.7714285714285715
0700311,TIPACOQUE,PARTIDO LIBERAL,2,PARTIDO LIBERAL COLOMBIANO,202,191,155.0,0.7673267326732673
0700169,NUEVO COLON,PARTIDO LIBERAL,2,PARTIDO LIBERAL COLOMBIANO,273,251,204.0,0.7472527472527473
0700181,PAIPA,PARTIDO LIBERAL,2,PARTIDO LIBERAL COLOMBIANO,2076,1955,1530.0,0.7369942196531792
0700259,SATIVANORTE,PARTIDO LIBERAL,2,PARTIDO LIBERAL COLOMBIANO,19,19,14.0,0.7368421052631579
0700282,SORACA,PARTIDO LIBERAL,2,PARTIDO LIBERAL COLOMBIANO,369,353,264.0,0.7154471544715447
0700076,CHITARAQUE,PARTIDO LIBERAL,2,PARTIDO LIBERAL COLOMBIANO,186,177,133.0,0.7150537634408602
0700325,TURMEQUE,PARTIDO LIBERAL,2,PARTIDO LIBERAL COLOMBIANO,413,383,288.0,0.6973365617433414
0700346,ZETAQUIRA,PARTIDO LIBERAL,2,PARTIDO LIBERAL COLOMBIANO,361,352,250.0,0.6925207756232687
0700250,SANTANA,PARTIDO LIBERAL,2,PARTIDO LIBERAL COLOMBIANO,478,437,331.0,0.6924686192468619
0700324,TUNUNGUA,PARTIDO LIBERAL,2,PARTIDO LIBERAL COLOMBIANO,60,58,40.0,0.6666666666666666
0700265,SIACHOQUE,PARTIDO LIBERAL,2,PARTIDO LIBERAL COLOMBIANO,309,291,205.0,0.6634304207119741
0700016,BERBEO,PARTIDO LIBERAL,2,PARTIDO LIBERAL COLOMBIANO,77,76,51.0,0.6623376623376623
0700173,OICATA,PARTIDO LIBERAL,2,PARTIDO LIBERAL COLOMBIANO,222,216,146.0,0.6576576576576577
0700139,VILLA DE LEIVA,PARTIDO LIBERAL,2,PARTIDO LIBERAL COLOMBIANO,1501,1450,982.0,0.654230512991339
0700052,COPER,PARTIDO LIBERAL,2,PARTIDO LIBERAL COLOMBIANO,188,186,116.0,0.6170212765957447
0700205,PISBA,PARTIDO LIBERAL,2,PARTIDO LIBERAL COLOMBIANO,31,31,19.0,0.6129032258064516
0700283,SOTAQUIRA,PARTIDO LIBERAL,2,PARTIDO LIBERAL COLOMBIANO,897,848,539.0,0.600891861761427
0700161,MOTAVITA,PARTIDO LIBERAL,2,PARTIDO LIBERAL COLOMBIANO,645,622,387.0,0.6
0700328,TUTA,PARTIDO LIBERAL,2,PARTIDO LIBERAL COLOMBIANO,1027,1004,612.0,0.5959104186952289
0700088,FIRAVITOBA,PARTIDO LIBERAL,2,PARTIDO LIBERAL COLOMBIANO,407,391,238.0,0.5847665847665847
0700061,CUITIVA,PARTIDO LIBERAL,2,PARTIDO LIBERAL COLOMBIANO,124,122,72.0,0.5806451612903226
0700289,SUTAMARCHAN,PARTIDO LIBERAL,2,PARTIDO LIBERAL COLOMBIANO,627,617,358.0,0.5709728867623605
0700008,AQUITANIA (PUEBLOVIEJO),PARTIDO LIBERAL,2,PARTIDO LIBERAL COLOMBIANO,357,333,201.0,0.5630252100840336
0700253,SANTA ROSA DE VITERBO,PARTIDO LIBERAL,2,PARTIDO LIBERAL COLOMBIANO,376,361,209.0,0.5558510638297872
0700025,BOYACA,PARTIDO LIBERAL,2,PARTIDO LIBERAL COLOMBIANO,345,334,189.0,0.5478260869565217
0700281,SORA,PARTIDO LIBERAL,2,PARTIDO LIBERAL COLOMBIANO,183,175,100.0,0.546448087431694
0700068,CHIQUIZA,PARTIDO LIBERAL,2,PARTIDO LIBERAL COLOMBIANO,780,741,422.0,0.541025641025641
0700157,MONGUI,PARTIDO LIBERAL,2,PARTIDO LIBERAL COLOMBIANO,94,92,50.0,0.5319148936170213
0700055,CORRALES,PARTIDO LIBERAL,2,PARTIDO LIBERAL COLOMBIANO,148,144,78.0,0.527027027027027
0700060,CUCAITA,PARTIDO LIBERAL,2,PARTIDO LIBERAL COLOMBIANO,134,127,70.0,0.5223880597014925
0700277,SOGAMOSO,PARTIDO LIBERAL,2,PARTIDO LIBERAL COLOMBIANO,9700,9187,5012.0,0.516701030927835
0700251,SANTA MARIA,PARTIDO LIBERAL,2,PARTIDO LIBERAL COLOMBIANO,43,41,22.0,0.5116279069767442
0700307,TIBASOSA,PARTIDO LIBERAL,2,PARTIDO LIBERAL COLOMBIANO,590,573,298.0,0.5050847457627119
0700235,SAMACA,PARTIDO LIBERAL,2,PARTIDO LIBERAL COLOMBIANO,974,949,482.0,0.4948665297741273
0700136,LA UVITA,PARTIDO LIBERAL,2,PARTIDO LIBERAL COLOMBIANO,56,55,27.0,0.48214285714285715
0700232,SACHICA,PARTIDO LIBERAL,2,PARTIDO LIBERAL COLOMBIANO,649,625,305.0,0.4699537750385208
0700274,SOCHA,PARTIDO LIBERAL,2,PARTIDO LIBERAL COLOMBIANO,339,325,159.0,0.4690265486725664
0700340,VIRACACHA,PARTIDO LIBERAL,2,PARTIDO LIBERAL COLOMBIANO,136,130,62.0,0.45588235294117646
0700058,COVARACHIA,PARTIDO LIBERAL,2,PARTIDO LIBERAL COLOMBIANO,90,89,41.0,0.45555555555555555
0700059,CUBARA,PARTIDO LIBERAL,2,PARTIDO LIBERAL COLOMBIANO,234,215,106.0,0.452991452991453
0700097,GAMEZA,PARTIDO LIBERAL,2,PARTIDO LIBERAL COLOMBIANO,204,198,90.0,0.4411764705882353
0700313,TOCA,PARTIDO LIBERAL,2,PARTIDO LIBERAL COLOMBIANO,906,886,390.0,0.4304635761589404
0700121,JENESANO,PARTIDO LIBERAL,2,PARTIDO LIBERAL COLOMBIANO,795,766,338.0,0.42515723270440253
0700190,PAUNA,PARTIDO LIBERAL,2,PARTIDO LIBERAL COLOMBIANO,704,684,293.0,0.4161931818181818
0700127,LABRANZAGRANDE,PARTIDO LIBERAL,2,PARTIDO LIBERAL COLOMBIANO,664,638,272.0,0.40963855421686746
0700070,CHISCAS,PARTIDO LIBERAL,2,PARTIDO LIBERAL COLOMBIANO,639,605,255.0,0.39906103286384975
0700079,DUITAMA,PARTIDO LIBERAL,2,PARTIDO LIBERAL COLOMBIANO,6393,6160,2532.0,0.3960581886438292
0700082,EL COCUY,PARTIDO LIBERAL,2,PARTIDO LIBERAL COLOMBIANO,421,403,163.0,0.38717339667458434
0700118,IZA,PARTIDO LIBERAL,2,PARTIDO LIBERAL COLOMBIANO,127,122,48.0,0.3779527559055118
0700184,PAJARITO,PARTIDO LIBERAL,2,PARTIDO LIBERAL COLOMBIANO,146,141,54.0,0.3698630136986301
0700331,TUTAZA,PARTIDO LIBERAL,2,PARTIDO LIBERAL COLOMBIANO,175,171,61.0,0.3485714285714286
0700028,BRICEÑO,PARTIDO LIBERAL,2,PARTIDO LIBERAL COLOMBIANO,49,49,17.0,0.3469387755102041
0700256,SANTA SOFIA,PARTIDO LIBERAL,2,PARTIDO LIBERAL COLOMBIANO,75,74,26.0,0.3466666666666667
0700166,NOBSA,PARTIDO LIBERAL,2,PARTIDO LIBERAL COLOMBIANO,1724,1663,595.0,0.3451276102088167
0700217,RAMIRIQUI,PARTIDO LIBERAL,2,PARTIDO LIBERAL COLOMBIANO,959,932,329.0,0.34306569343065696
0700271,SOCOTA,PARTIDO LIBERAL,2,PARTIDO LIBERAL COLOMBIANO,508,446,174.0,0.3425196850393701
0700262,SATIVASUR,PARTIDO LIBERAL,2,PARTIDO LIBERAL COLOMBIANO,109,105,37.0,0.3394495412844037
0700319,TOPAGA,PARTIDO LIBERAL,2,PARTIDO LIBERAL COLOMBIANO,133,125,45.0,0.3383458646616541
0700064,CHINAVITA,PARTIDO LIBERAL,2,PARTIDO LIBERAL COLOMBIANO,164,157,54.0,0.32926829268292684
0700199,PAZ DE RIO,PARTIDO LIBERAL,2,PARTIDO LIBERAL COLOMBIANO,250,242,82.0,0.328
0700124,JERICO,PARTIDO LIBERAL,2,PARTIDO LIBERAL COLOMBIANO,79,74,25.0,0.31645569620253167
0700049,COMBITA,PARTIDO LIBERAL,2,PARTIDO LIBERAL COLOMBIANO,2610,2560,814.0,0.3118773946360153
0700073,CHITA,PARTIDO LIBERAL,2,PARTIDO LIBERAL COLOMBIANO,180,174,56.0,0.3111111111111111
0700298,TASCO,PARTIDO LIBERAL,2,PARTIDO LIBERAL COLOMBIANO,531,516,160.0,0.3013182674199623
0700187,PANQUEBA,PARTIDO LIBERAL,2,PARTIDO LIBERAL COLOMBIANO,55,51,16.0,0.2909090909090909
0700013,BELEN,PARTIDO LIBERAL,2,PARTIDO LIBERAL COLOMBIANO,958,925,274.0,0.2860125260960334
0700010,ARCABUCO,PARTIDO LIBERAL,2,PARTIDO LIBERAL COLOMBIANO,439,423,125.0,0.2847380410022779
0700022,BOAVITA,PARTIDO LIBERAL,2,PARTIDO LIBERAL COLOMBIANO,201,194,57.0,0.2835820895522388
0700154,MONGUA,PARTIDO LIBERAL,2,PARTIDO LIBERAL COLOMBIANO,168,160,44.0,0.2619047619047619
0700019,BETEITIVA,PARTIDO LIBERAL,2,PARTIDO LIBERAL COLOMBIANO,237,234,54.0,0.22784810126582278
0700237,SAN EDUARDO,PARTIDO LIBERAL,2,PARTIDO LIBERAL COLOMBIANO,50,49,11.0,0.22
0700268,SOATA,PARTIDO LIBERAL,2,PARTIDO LIBERAL COLOMBIANO,703,687,153.0,0.21763869132290184
0700112,GUICAN,PARTIDO LIBERAL,2,PARTIDO LIBERAL COLOMBIANO,164,159,34.0,0.2073170731707317
0700043,CERINZA,PARTIDO LIBERAL,2,PARTIDO LIBERAL COLOMBIANO,592,577,121.0,0.20439189189189189
0700085,EL ESPINO,PARTIDO LIBERAL,2,PARTIDO LIBERAL COLOMBIANO,126,116,25.0,0.1984126984126984
0700019,BETEITIVA,SIN_HOMOLOGACION,15,PARTIDO POLÍTICO DIGNIDAD & COMPROMISO,2,2,31.0,15.5
0700091,FLORESTA,SIN_HOMOLOGACION,15,PARTIDO POLÍTICO DIGNIDAD & COMPROMISO,2,2,27.0,13.5
0700313,TOCA,SIN_HOMOLOGACION,15,PARTIDO POLÍTICO DIGNIDAD & COMPROMISO,5,4,64.0,12.8
0700163,MUZO,SIN_HOMOLOGACION,15,PARTIDO POLÍTICO DIGNIDAD & COMPROMISO,12,11,137.0,11.416666666666666
0700202,PESCA,SIN_HOMOLOGACION,15,PARTIDO POLÍTICO DIGNIDAD & COMPROMISO,7,6,77.0,11.0
0700079,DUITAMA,SIN_HOMOLOGACION,15,PARTIDO POLÍTICO DIGNIDAD & COMPROMISO,197,182,2117.0,10.746192893401016
0700232,SACHICA,SIN_HOMOLOGACION,15,PARTIDO POLÍTICO DIGNIDAD & COMPROMISO,15,14,144.0,9.6
0700181,PAIPA,SIN_HOMOLOGACION,15,PARTIDO POLÍTICO DIGNIDAD & COMPROMISO,64,60,586.0,9.15625
0700259,SATIVANORTE,SIN_HOMOLOGACION,15,PARTIDO POLÍTICO DIGNIDAD & COMPROMISO,4,4,36.0,9.0
0700268,SOATA,SIN_HOMOLOGACION,15,PARTIDO POLÍTICO DIGNIDAD & COMPROMISO,13,13,114.0,8.76923076923077
0700013,BELEN,SIN_HOMOLOGACION,15,PARTIDO POLÍTICO DIGNIDAD & COMPROMISO,14,12,119.0,8.5
0700322,TOTA,SIN_HOMOLOGACION,15,PARTIDO POLÍTICO DIGNIDAD & COMPROMISO,9,9,74.0,8.222222222222221
0700067,CHIQUINQUIRA,SIN_HOMOLOGACION,15,PARTIDO POLÍTICO DIGNIDAD & COMPROMISO,59,51,483.0,8.186440677966102
0700100,GARAGOA,SIN_HOMOLOGACION,15,PARTIDO POLÍTICO DIGNIDAD & COMPROMISO,18,17,144.0,8.0
0700112,GUICAN,SIN_HOMOLOGACION,15,PARTIDO POLÍTICO DIGNIDAD & COMPROMISO,1,1,8.0,8.0
0700220,RAQUIRA,SIN_HOMOLOGACION,15,PARTIDO POLÍTICO DIGNIDAD & COMPROMISO,14,13,111.0,7.928571428571429
0700277,SOGAMOSO,SIN_HOMOLOGACION,15,PARTIDO POLÍTICO DIGNIDAD & COMPROMISO,253,229,1984.0,7.841897233201581
0700235,SAMACA,SIN_HOMOLOGACION,15,PARTIDO POLÍTICO DIGNIDAD & COMPROMISO,19,18,147.0,7.7368421052631575
0700106,GUATEQUE,SIN_HOMOLOGACION,15,PARTIDO POLÍTICO DIGNIDAD & COMPROMISO,22,21,170.0,7.7272727272727275
0700173,OICATA,SIN_HOMOLOGACION,15,PARTIDO POLÍTICO DIGNIDAD & COMPROMISO,7,7,54.0,7.714285714285714
0700169,NUEVO COLON,SIN_HOMOLOGACION,15,PARTIDO POLÍTICO DIGNIDAD & COMPROMISO,10,10,77.0,7.7
0700248,SAN MIGUEL DE SEMA,SIN_HOMOLOGACION,15,PARTIDO POLÍTICO DIGNIDAD & COMPROMISO,2,2,15.0,7.5
0700238,SAN JOSE DE PARE,SIN_HOMOLOGACION,15,PARTIDO POLÍTICO DIGNIDAD & COMPROMISO,9,9,67.0,7.444444444444445
0700130,LA CAPILLA,SIN_HOMOLOGACION,15,PARTIDO POLÍTICO DIGNIDAD & COMPROMISO,9,9,64.0,7.111111111111111
0700031,BUENAVISTA,SIN_HOMOLOGACION,15,PARTIDO POLÍTICO DIGNIDAD & COMPROMISO,1,1,7.0,7.0
0700307,TIBASOSA,SIN_HOMOLOGACION,15,PARTIDO POLÍTICO DIGNIDAD & COMPROMISO,36,34,252.0,7.0
0700325,TURMEQUE,SIN_HOMOLOGACION,15,PARTIDO POLÍTICO DIGNIDAD & COMPROMISO,17,16,116.0,6.823529411764706
0700166,NOBSA,SIN_HOMOLOGACION,15,PARTIDO POLÍTICO DIGNIDAD & COMPROMISO,16,13,108.0,6.75
0700176,OTANCHE,SIN_HOMOLOGACION,15,PARTIDO POLÍTICO DIGNIDAD & COMPROMISO,4,4,27.0,6.75
0700151,MIRAFLORES,SIN_HOMOLOGACION,15,PARTIDO POLÍTICO DIGNIDAD & COMPROMISO,7,6,47.0,6.714285714285714
0700282,SORACA,SIN_HOMOLOGACION,15,PARTIDO POLÍTICO DIGNIDAD & COMPROMISO,13,13,86.0,6.615384615384615
0700016,BERBEO,SIN_HOMOLOGACION,15,PARTIDO POLÍTICO DIGNIDAD & COMPROMISO,2,2,13.0,6.5
0700316,TOGUI,SIN_HOMOLOGACION,15,PARTIDO POLÍTICO DIGNIDAD & COMPROMISO,6,5,37.0,6.166666666666667
0700253,SANTA ROSA DE VITERBO,SIN_HOMOLOGACION,15,PARTIDO POLÍTICO DIGNIDAD & COMPROMISO,18,18,109.0,6.055555555555555
0700043,CERINZA,SIN_HOMOLOGACION,15,PARTIDO POLÍTICO DIGNIDAD & COMPROMISO,2,2,12.0,6.0
0700142,MACANAL,SIN_HOMOLOGACION,15,PARTIDO POLÍTICO DIGNIDAD & COMPROMISO,4,4,24.0,6.0
0700187,PANQUEBA,SIN_HOMOLOGACION,15,PARTIDO POLÍTICO DIGNIDAD & COMPROMISO,3,3,18.0,6.0
0700001,TUNJA,SIN_HOMOLOGACION,15,PARTIDO POLÍTICO DIGNIDAD & COMPROMISO,961,894,5632.0,5.860561914672217
0700088,FIRAVITOBA,SIN_HOMOLOGACION,15,PARTIDO POLÍTICO DIGNIDAD & COMPROMISO,14,11,80.0,5.714285714285714
0700160,MONIQUIRA,SIN_HOMOLOGACION,15,PARTIDO POLÍTICO DIGNIDAD & COMPROMISO,44,39,251.0,5.704545454545454
0700298,TASCO,SIN_HOMOLOGACION,15,PARTIDO POLÍTICO DIGNIDAD & COMPROMISO,16,14,90.0,5.625
0700214,PUERTO BOYACA,SIN_HOMOLOGACION,15,PARTIDO POLÍTICO DIGNIDAD & COMPROMISO,108,98,606.0,5.611111111111111
0700328,TUTA,SIN_HOMOLOGACION,15,PARTIDO POLÍTICO DIGNIDAD & COMPROMISO,24,21,134.0,5.583333333333333
0700103,GUACAMAYAS,SIN_HOMOLOGACION,15,PARTIDO POLÍTICO DIGNIDAD & COMPROMISO,2,2,11.0,5.5
0700250,SANTANA,SIN_HOMOLOGACION,15,PARTIDO POLÍTICO DIGNIDAD & COMPROMISO,8,8,44.0,5.5
0700161,MOTAVITA,SIN_HOMOLOGACION,15,PARTIDO POLÍTICO DIGNIDAD & COMPROMISO,17,16,92.0,5.411764705882353
0700324,TUNUNGUA,SIN_HOMOLOGACION,15,PARTIDO POLÍTICO DIGNIDAD & COMPROMISO,3,3,16.0,5.333333333333333
0700059,CUBARA,SIN_HOMOLOGACION,15,PARTIDO POLÍTICO DIGNIDAD & COMPROMISO,1,1,5.0,5.0
0700060,CUCAITA,SIN_HOMOLOGACION,15,PARTIDO POLÍTICO DIGNIDAD & COMPROMISO,4,4,20.0,5.0
0700136,LA UVITA,SIN_HOMOLOGACION,15,PARTIDO POLÍTICO DIGNIDAD & COMPROMISO,1,1,5.0,5.0
0700010,ARCABUCO,SIN_HOMOLOGACION,15,PARTIDO POLÍTICO DIGNIDAD & COMPROMISO,6,6,29.0,4.833333333333333
0700247,SAN MATEO,SIN_HOMOLOGACION,15,PARTIDO POLÍTICO DIGNIDAD & COMPROMISO,5,4,24.0,4.8
0700121,JENESANO,SIN_HOMOLOGACION,15,PARTIDO POLÍTICO DIGNIDAD & COMPROMISO,16,13,75.0,4.6875
0700049,COMBITA,SIN_HOMOLOGACION,15,PARTIDO POLÍTICO DIGNIDAD & COMPROMISO,29,29,135.0,4.655172413793103
0700217,RAMIRIQUI,SIN_HOMOLOGACION,15,PARTIDO POLÍTICO DIGNIDAD & COMPROMISO,17,16,79.0,4.647058823529412
0700289,SUTAMARCHAN,SIN_HOMOLOGACION,15,PARTIDO POLÍTICO DIGNIDAD & COMPROMISO,18,17,82.0,4.555555555555555
0700310,TINJACA,SIN_HOMOLOGACION,15,PARTIDO POLÍTICO DIGNIDAD & COMPROMISO,9,9,41.0,4.555555555555555
0700109,GUAYATA,SIN_HOMOLOGACION,15,PARTIDO POLÍTICO DIGNIDAD & COMPROMISO,10,9,45.0,4.5
0700190,PAUNA,SIN_HOMOLOGACION,15,PARTIDO POLÍTICO DIGNIDAD & COMPROMISO,10,8,45.0,4.5
0700215,QUIPAMA,SIN_HOMOLOGACION,15,PARTIDO POLÍTICO DIGNIDAD & COMPROMISO,11,11,48.0,4.363636363636363
0700241,SAN LUIS DE GACENO,SIN_HOMOLOGACION,15,PARTIDO POLÍTICO DIGNIDAD & COMPROMISO,9,8,39.0,4.333333333333333
0700286,SUSACON,SIN_HOMOLOGACION,15,PARTIDO POLÍTICO DIGNIDAD & COMPROMISO,4,3,17.0,4.25
0700283,SOTAQUIRA,SIN_HOMOLOGACION,15,PARTIDO POLÍTICO DIGNIDAD & COMPROMISO,25,25,106.0,4.24
0700058,COVARACHIA,SIN_HOMOLOGACION,15,PARTIDO POLÍTICO DIGNIDAD & COMPROMISO,5,5,21.0,4.2
0700077,CHIVATA,SIN_HOMOLOGACION,15,PARTIDO POLÍTICO DIGNIDAD & COMPROMISO,10,9,42.0,4.2
0700223,RONDON,SIN_HOMOLOGACION,15,PARTIDO POLÍTICO DIGNIDAD & COMPROMISO,7,5,29.0,4.142857142857143
0700037,CALDAS,SIN_HOMOLOGACION,15,PARTIDO POLÍTICO DIGNIDAD & COMPROMISO,1,1,4.0,4.0
0700205,PISBA,SIN_HOMOLOGACION,15,PARTIDO POLÍTICO DIGNIDAD & COMPROMISO,1,1,4.0,4.0
0700251,SANTA MARIA,SIN_HOMOLOGACION,15,PARTIDO POLÍTICO DIGNIDAD & COMPROMISO,1,1,4.0,4.0
0700265,SIACHOQUE,SIN_HOMOLOGACION,15,PARTIDO POLÍTICO DIGNIDAD & COMPROMISO,11,10,44.0,4.0
0700226,SABOYA,SIN_HOMOLOGACION,15,PARTIDO POLÍTICO DIGNIDAD & COMPROMISO,20,19,78.0,3.9
0700280,SOMONDOCO,SIN_HOMOLOGACION,15,PARTIDO POLÍTICO DIGNIDAD & COMPROMISO,9,7,34.0,3.7777777777777777
0700178,PACHAVITA,SIN_HOMOLOGACION,15,PARTIDO POLÍTICO DIGNIDAD & COMPROMISO,4,4,15.0,3.75
0700337,VENTAQUEMADA,SIN_HOMOLOGACION,15,PARTIDO POLÍTICO DIGNIDAD & COMPROMISO,16,15,59.0,3.6875
0700055,CORRALES,SIN_HOMOLOGACION,15,PARTIDO POLÍTICO DIGNIDAD & COMPROMISO,6,5,22.0,3.6666666666666665
0700249,SAN PABLO DE BORBUR,SIN_HOMOLOGACION,15,PARTIDO POLÍTICO DIGNIDAD & COMPROMISO,12,11,43.0,3.5833333333333335
0700301,TENZA,SIN_HOMOLOGACION,15,PARTIDO POLÍTICO DIGNIDAD & COMPROMISO,13,12,46.0,3.5384615384615383
0700034,BUSBANZA,SIN_HOMOLOGACION,15,PARTIDO POLÍTICO DIGNIDAD & COMPROMISO,4,2,14.0,3.5
0700073,CHITA,SIN_HOMOLOGACION,15,PARTIDO POLÍTICO DIGNIDAD & COMPROMISO,6,5,21.0,3.5
0700154,MONGUA,SIN_HOMOLOGACION,15,PARTIDO POLÍTICO DIGNIDAD & COMPROMISO,14,13,49.0,3.5
0700274,SOCHA,SIN_HOMOLOGACION,15,PARTIDO POLÍTICO DIGNIDAD & COMPROMISO,4,3,14.0,3.5
0700022,BOAVITA,SIN_HOMOLOGACION,15,PARTIDO POLÍTICO DIGNIDAD & COMPROMISO,15,12,52.0,3.466666666666667
0700025,BOYACA,SIN_HOMOLOGACION,15,PARTIDO POLÍTICO DIGNIDAD & COMPROMISO,5,5,17.0,3.4
0700304,TIBANA,SIN_HOMOLOGACION,15,PARTIDO POLÍTICO DIGNIDAD & COMPROMISO,9,8,30.0,3.3333333333333335
0700334,UMBITA,SIN_HOMOLOGACION,15,PARTIDO POLÍTICO DIGNIDAD & COMPROMISO,8,8,26.0,3.25
0700008,AQUITANIA (PUEBLOVIEJO),SIN_HOMOLOGACION,15,PARTIDO POLÍTICO DIGNIDAD & COMPROMISO,23,22,72.0,3.130434782608696
0700007,ALMEIDA,SIN_HOMOLOGACION,15,PARTIDO POLÍTICO DIGNIDAD & COMPROMISO,6,5,18.0,3.0
0700028,BRICEÑO,SIN_HOMOLOGACION,15,PARTIDO POLÍTICO DIGNIDAD & COMPROMISO,2,2,6.0,3.0
0700076,CHITARAQUE,SIN_HOMOLOGACION,15,PARTIDO POLÍTICO DIGNIDAD & COMPROMISO,3,3,9.0,3.0
0700082,EL COCUY,SIN_HOMOLOGACION,15,PARTIDO POLÍTICO DIGNIDAD & COMPROMISO,5,5,15.0,3.0
0700137,LA VICTORIA,SIN_HOMOLOGACION,15,PARTIDO POLÍTICO DIGNIDAD & COMPROMISO,1,1,3.0,3.0
0700237,SAN EDUARDO,SIN_HOMOLOGACION,15,PARTIDO POLÍTICO DIGNIDAD & COMPROMISO,1,1,3.0,3.0
0700262,SATIVASUR,SIN_HOMOLOGACION,15,PARTIDO POLÍTICO DIGNIDAD & COMPROMISO,2,2,6.0,3.0
0700046,CIENEGA,SIN_HOMOLOGACION,15,PARTIDO POLÍTICO DIGNIDAD & COMPROMISO,5,5,14.0,2.8
0700078,CHIVOR,SIN_HOMOLOGACION,15,PARTIDO POLÍTICO DIGNIDAD & COMPROMISO,5,5,14.0,2.8
0700319,TOPAGA,SIN_HOMOLOGACION,15,PARTIDO POLÍTICO DIGNIDAD & COMPROMISO,9,9,25.0,2.7777777777777777
0700148,MARIPI,SIN_HOMOLOGACION,15,PARTIDO POLÍTICO DIGNIDAD & COMPROMISO,3,3,8.0,2.6666666666666665
0700064,CHINAVITA,SIN_HOMOLOGACION,15,PARTIDO POLÍTICO DIGNIDAD & COMPROMISO,7,6,18.0,2.5714285714285716
0700292,SUTATENZA,SIN_HOMOLOGACION,15,PARTIDO POLÍTICO DIGNIDAD & COMPROMISO,12,12,30.0,2.5
0700311,TIPACOQUE,SIN_HOMOLOGACION,15,PARTIDO POLÍTICO DIGNIDAD & COMPROMISO,2,2,5.0,2.5
0700199,PAZ DE RIO,SIN_HOMOLOGACION,15,PARTIDO POLÍTICO DIGNIDAD & COMPROMISO,14,13,34.0,2.4285714285714284
0700097,GAMEZA,SIN_HOMOLOGACION,15,PARTIDO POLÍTICO DIGNIDAD & COMPROMISO,9,7,21.0,2.3333333333333335
0700271,SOCOTA,SIN_HOMOLOGACION,15,PARTIDO POLÍTICO DIGNIDAD & COMPROMISO,5,4,11.0,2.2
0700094,GACHANTIVA,SIN_HOMOLOGACION,15,PARTIDO POLÍTICO DIGNIDAD & COMPROMISO,11,11,24.0,2.1818181818181817
0700281,SORA,SIN_HOMOLOGACION,15,PARTIDO POLÍTICO DIGNIDAD & COMPROMISO,11,10,24.0,2.1818181818181817
0700118,IZA,SIN_HOMOLOGACION,15,PARTIDO POLÍTICO DIGNIDAD & COMPROMISO,10,9,21.0,2.1
0700070,CHISCAS,SIN_HOMOLOGACION,15,PARTIDO POLÍTICO DIGNIDAD & COMPROMISO,1,1,2.0,2.0
0700346,ZETAQUIRA,SIN_HOMOLOGACION,15,PARTIDO POLÍTICO DIGNIDAD & COMPROMISO,1,1,2.0,2.0
0700068,CHIQUIZA,SIN_HOMOLOGACION,15,PARTIDO POLÍTICO DIGNIDAD & COMPROMISO,7,6,13.0,1.8571428571428572
0700340,VIRACACHA,SIN_HOMOLOGACION,15,PARTIDO POLÍTICO DIGNIDAD & COMPROMISO,6,6,11.0,1.8333333333333333
0700085,EL ESPINO,SIN_HOMOLOGACION,15,PARTIDO POLÍTICO DIGNIDAD & COMPROMISO,4,4,6.0,1.5
0700052,COPER,SIN_HOMOLOGACION,15,PARTIDO POLÍTICO DIGNIDAD & COMPROMISO,3,3,4.0,1.3333333333333333
0700127,LABRANZAGRANDE,SIN_HOMOLOGACION,15,PARTIDO POLÍTICO DIGNIDAD & COMPROMISO,3,3,4.0,1.3333333333333333
0700139,VILLA DE LEIVA,SIN_HOMOLOGACION,15,PARTIDO POLÍTICO DIGNIDAD & COMPROMISO,371,359,460.0,1.2398921832884098
0700331,TUTAZA,SIN_HOMOLOGACION,15,PARTIDO POLÍTICO DIGNIDAD & COMPROMISO,13,12,15.0,1.1538461538461537
0700157,MONGUI,SIN_HOMOLOGACION,15,PARTIDO POLÍTICO DIGNIDAD & COMPROMISO,7,6,8.0,1.1428571428571428
0700193,PAYA,SIN_HOMOLOGACION,15,PARTIDO POLÍTICO DIGNIDAD & COMPROMISO,2,2,2.0,1.0
0700040,CAMPOHERMOSO,SIN_HOMOLOGACION,15,PARTIDO POLÍTICO DIGNIDAD & COMPROMISO,7,5,6.0,0.8571428571428571
0700256,SANTA SOFIA,SIN_HOMOLOGACION,15,PARTIDO POLÍTICO DIGNIDAD & COMPROMISO,45,42,37.0,0.8222222222222222
0700124,JERICO,SIN_HOMOLOGACION,15,PARTIDO POLÍTICO DIGNIDAD & COMPROMISO,20,18,16.0,0.8
0700184,PAJARITO,SIN_HOMOLOGACION,15,PARTIDO POLÍTICO DIGNIDAD & COMPROMISO,25,24,8.0,0.32
0700061,CUITIVA,SIN_HOMOLOGACION,15,PARTIDO POLÍTICO DIGNIDAD & COMPROMISO,1,1,0.0,0.0
